,Created_at,Retweet_count,Favorite_Count,Tweet
0,2020-10-25 04:03:00,0,0,"âš¡ NEW: Here's an awesome #freelance opportunity at #PUBG! ğŸ’¥

ğŸ’¼ Game Capture Artist (Freelance)
ğŸ¢ PUBG Corporation |â€¦ https://t.co/qcF5b9P31f"
1,2020-10-25 04:00:17,0,0,"Lobby: GGs 
Me: *Comes in second*

#gaming #warzone #ApexLegends #PUBG https://t.co/pf810rRfda https://t.co/sAcHqX1cjn"
2,2020-10-25 03:55:19,0,0,#Tonight #Livestream on #twitch starting a #blindplay of @CROSSOUT_EN after some @PUBG and we #wingit. #stopbyâ€¦ https://t.co/MmnAFePsT2
3,2020-10-25 03:52:22,0,0,LIVE w/ Late Night ChiLL-Vibes.. á“šá˜á—¢ Drinks &amp; S'more #PCGaming #PUBG #COD Join Me #TwtichFam  https://t.co/OREHsgBzMR
4,2020-10-25 03:49:15,0,0,PUBG MOBILE | A VERY BAD DAY ON PUBG MOBILE | JOGI GAMER #PUBG #JOGiGAMER https://t.co/IlSO4LNMIX via @YouTube https://t.co/94xk04E2Jg
5,2020-10-25 03:47:13,145,0,"RT @theGaGOD: Sometimes you are just feeling it ğŸ”¥ğŸ”¥

Back on that king shit ğŸ‘‘ #PUBG https://t.co/kCHEtukwL6"
6,2020-10-25 03:47:01,0,0,ZOMBIE BOSS!! HE ALMOST KILLED ME!! LOL :P #PUBGM #PUBGMOBILE #PUBG_MOBILE #PUBG #PUBG_MOBILE_ã—ã¦ã„ã‚‹äººã¨ç¹‹ãŒã‚ŠãŸã„â€¦ https://t.co/y0yqjSWVqW
7,2020-10-25 03:46:58,145,0,"RT @theGaGOD: Sometimes you are just feeling it ğŸ”¥ğŸ”¥

Back on that king shit ğŸ‘‘ #PUBG https://t.co/kCHEtukwL6"
8,2020-10-25 03:44:49,145,0,"RT @theGaGOD: Sometimes you are just feeling it ğŸ”¥ğŸ”¥

Back on that king shit ğŸ‘‘ #PUBG https://t.co/kCHEtukwL6"
9,2020-10-25 03:42:42,1,0,RT @ellisdon197: NOTHING NEW TO SEE HERE.. | PUBG (XBOX ONE) HIGHLIGHTS | #119 | https://t.co/r3ylQmsTiE via @YouTube #PUBG #XboxOneX #Smalâ€¦
10,2020-10-25 03:40:51,0,0,"PUBG hax selling!
[HAXs]
ESP
Aimbot
speed
autoRecovery

If you would like to listen to other details etc. please come to DM!
#pubg"
11,2020-10-25 03:39:39,1,0,NOTHING NEW TO SEE HERE.. | PUBG (XBOX ONE) HIGHLIGHTS | #119 | https://t.co/r3ylQmsTiE via @YouTube #PUBGâ€¦ https://t.co/NWVUucs54Z
12,2020-10-25 03:35:40,280,0,"RT @NHH_Gaming: 4000 Ap or 25$ steam gift card giveaway.
Must retweet and like (make sure ti be following me) you have until October 20th #â€¦"
13,2020-10-25 03:30:49,0,0,"PUBG is the second best online game , long distance relationship still remains first .
.
.
#pubg #SundayThoughts #longdistancerelationship"
14,2020-10-25 03:27:30,145,0,"RT @theGaGOD: Sometimes you are just feeling it ğŸ”¥ğŸ”¥

Back on that king shit ğŸ‘‘ #PUBG https://t.co/kCHEtukwL6"
15,2020-10-25 03:22:43,0,1,"Check out my Gig on #Fiverr :
I'll design LOGO STREAMER for youtube, twitch, twtitter ,ect start from $5â€¦ https://t.co/yGTdqbV8VA"
16,2020-10-25 03:22:13,0,0,"PUBG Mobile is attracting wide audience, which also includes a number of cheaters or hackers. With in-game anti-cheâ€¦ https://t.co/IxC6Ly1YvG"
17,2020-10-25 03:16:07,0,0,"Check out SN Tinnah, Doing Work !!! https://t.co/RJu9voez3V #pubg"
18,2020-10-25 03:13:51,0,1,@vishalgondal No one play your game if #PUBG back to India so it's a better time to launch your game before pubg baâ€¦ https://t.co/1GnTuELVgM
19,2020-10-25 03:13:31,0,1,"@ajayreddy70 happy birthday nanba #pubg veriyan #Kavin veriyan #kaviliya supporter 
Stay happy
Stay save
Happy piraâ€¦ https://t.co/5Nd0eXm8OF"
20,2020-10-25 03:08:41,3,0,"RT @GpGreen757: welcome all https://t.co/Et9VSTktaR 

 #RainbowSixSiege @SmallStreamersC #RogueCompany #XBOX
 @SupStreamers #warzone #Calloâ€¦"
21,2020-10-25 03:06:55,1,0,RT @PHTYT: Check out my broadcast of our @grownfolksoc Clan #PUBG Event -Dogfight Night with gliders  #PS4live live at https://t.co/JbdXZziâ€¦
22,2020-10-25 03:05:49,51,0,RT @Danucd1: I love to kill Toxic players - c*ka bly*d ğŸ˜‚ It's so satisfying #pubg #toxic #russian https://t.co/xf6YYESFA2
23,2020-10-25 03:05:09,51,0,RT @Danucd1: I love to kill Toxic players - c*ka bly*d ğŸ˜‚ It's so satisfying #pubg #toxic #russian https://t.co/xf6YYESFA2
24,2020-10-25 03:04:46,145,0,"RT @theGaGOD: Sometimes you are just feeling it ğŸ”¥ğŸ”¥

Back on that king shit ğŸ‘‘ #PUBG https://t.co/kCHEtukwL6"
25,2020-10-25 03:02:22,145,0,"RT @theGaGOD: Sometimes you are just feeling it ğŸ”¥ğŸ”¥

Back on that king shit ğŸ‘‘ #PUBG https://t.co/kCHEtukwL6"
26,2020-10-25 03:02:00,0,1,"Luck or skill + aim? ğŸ¤”

(credit: u/Xxskateric10xX/reddit)
#PUBG #PUBGãƒ¢ãƒã‚¤ãƒ« #highlights #esports https://t.co/WSOCdBG2AG"
27,2020-10-25 02:56:17,30,0,RT @chocoTaco: headshot ğŸ”¥ #chocotaco #chocotacogames #chococlips #pubg #pubgclips #twitch https://t.co/juYBiiQArA
28,2020-10-25 02:54:12,3,0,"RT @kills85: Its Survival, so Good Luck!!!

I am Playing @PUBG on Twitch right now!!!

@TheSMGGaming @sme_rt @CCG_RTs
#RESPAWNRecruits #PUBâ€¦"
29,2020-10-25 02:53:32,30,0,RT @chocoTaco: headshot ğŸ”¥ #chocotaco #chocotacogames #chococlips #pubg #pubgclips #twitch https://t.co/juYBiiQArA
30,2020-10-25 02:52:13,0,0,I'm live baby! let's get some games goin! https://t.co/VmFYiMCy0r #PUBG #CSGO #CallOfDuty #streaming #TwitchStreamers #twitchaffiliate
31,2020-10-25 02:51:20,3,0,"RT @kills85: Its Survival, so Good Luck!!!

I am Playing @PUBG on Twitch right now!!!

@TheSMGGaming @sme_rt @CCG_RTs
#RESPAWNRecruits #PUBâ€¦"
32,2020-10-25 02:51:00,3,0,"RT @kills85: Its Survival, so Good Luck!!!

I am Playing @PUBG on Twitch right now!!!

@TheSMGGaming @sme_rt @CCG_RTs
#RESPAWNRecruits #PUBâ€¦"
33,2020-10-25 02:50:56,3,3,"Its Survival, so Good Luck!!!

I am Playing @PUBG on Twitch right now!!!

@TheSMGGaming @sme_rt @CCG_RTsâ€¦ https://t.co/J9cPT0SxDj"
34,2020-10-25 02:44:33,51,0,RT @Danucd1: I love to kill Toxic players - c*ka bly*d ğŸ˜‚ It's so satisfying #pubg #toxic #russian https://t.co/xf6YYESFA2
35,2020-10-25 02:39:19,280,0,"RT @NHH_Gaming: 4000 Ap or 25$ steam gift card giveaway.
Must retweet and like (make sure ti be following me) you have until October 20th #â€¦"
36,2020-10-25 02:38:18,280,0,"RT @NHH_Gaming: 4000 Ap or 25$ steam gift card giveaway.
Must retweet and like (make sure ti be following me) you have until October 20th #â€¦"
37,2020-10-25 02:37:00,0,1,Finally peaked his little head ğŸ˜†ğŸ¤™ â¦@PUBG_USâ© https://t.co/tqIpyECKPr #twitch #PUBG #Sniper #twitchclips
38,2020-10-25 02:36:32,280,0,"RT @NHH_Gaming: 4000 Ap or 25$ steam gift card giveaway.
Must retweet and like (make sure ti be following me) you have until October 20th #â€¦"
39,2020-10-25 02:36:11,1,0,RT @bubbyslive: going #live ğŸ”¥ğŸ‰ğŸ‘€ğŸ’œ come hang out and donâ€™t forget to hit that follow! ğŸ’•ğŸ’¯ #twitch #pc #amongus #pcgamer #livestream #twitchstrâ€¦
40,2020-10-25 02:36:08,1,6,going #live ğŸ”¥ğŸ‰ğŸ‘€ğŸ’œ come hang out and donâ€™t forget to hit that follow! ğŸ’•ğŸ’¯ #twitch #pc #amongus #pcgamer #livestreamâ€¦ https://t.co/KYbKwbaB4e
41,2020-10-25 02:35:05,145,0,"RT @theGaGOD: Sometimes you are just feeling it ğŸ”¥ğŸ”¥

Back on that king shit ğŸ‘‘ #PUBG https://t.co/kCHEtukwL6"
42,2020-10-25 02:33:21,145,0,"RT @theGaGOD: Sometimes you are just feeling it ğŸ”¥ğŸ”¥

Back on that king shit ğŸ‘‘ #PUBG https://t.co/kCHEtukwL6"
43,2020-10-25 02:33:09,0,5,"Running some @PUBG #pubg
#streamer #streamersn #onlinegaming #pubgmobile
#supportsmallstreamersâ€¦ https://t.co/2FzEnwKEHa"
44,2020-10-25 02:28:44,0,1,Ducky bhai back to home | bohemia new song coke studio season 13 | ukhano recovered from coronavirus | esports awarâ€¦ https://t.co/2I67Kzohbe
45,2020-10-25 02:27:16,0,0,"WHEN YOU PLAY A GAME WITH PASSION AND CANNOT SAY NO ğŸ˜„
#PUBG #PUBGMOBILE #awesome
#cool #lights #beautiful #mindâ€¦ https://t.co/kZ1LYYdnA0"
46,2020-10-25 02:25:42,2,0,RT @Thissil99: The #PUBG community is great @ObiWannCoyote @CorkyTWITCH https://t.co/nynYibKPfI
47,2020-10-25 02:19:22,4,0,"RT @PlagueTemplar: Not sure what to play today so while I figure that out lets shoot at stuff!! #PUBG
  https://t.co/A0sIwxZS7A"
48,2020-10-25 02:18:48,145,0,"RT @theGaGOD: Sometimes you are just feeling it ğŸ”¥ğŸ”¥

Back on that king shit ğŸ‘‘ #PUBG https://t.co/kCHEtukwL6"
49,2020-10-25 02:17:06,0,1,"playing pubG (part 1)
#PUBG #weeb #anime #weebs #otakus #PubGM #PUBGMOBILE https://t.co/Lru7CRXWTa"
50,2020-10-25 02:16:36,30,0,RT @chocoTaco: headshot ğŸ”¥ #chocotaco #chocotacogames #chococlips #pubg #pubgclips #twitch https://t.co/juYBiiQArA
51,2020-10-25 02:10:47,145,0,"RT @theGaGOD: Sometimes you are just feeling it ğŸ”¥ğŸ”¥

Back on that king shit ğŸ‘‘ #PUBG https://t.co/kCHEtukwL6"
52,2020-10-25 02:09:44,0,0,"https://t.co/iHWCGvLlIO
Guys help me grow my channel i am an aspiring youtuber hoping to grow and share some of myâ€¦ https://t.co/uZA2XnXLdk"
53,2020-10-25 02:05:59,0,0,"Just went live! https://t.co/ZGJf6eDktq
#fortnite #memes #gaming #fortnitememes #fortniteclips #ps #fortnitebrâ€¦ https://t.co/S0U0gi9KAg"
54,2020-10-25 02:05:47,0,1,#pubg | Lets GO!!! | YELLOW Best Color 100% Yellow! | What am i doing? https://t.co/5iDiSpnOx9
55,2020-10-25 01:57:50,145,0,"RT @theGaGOD: Sometimes you are just feeling it ğŸ”¥ğŸ”¥

Back on that king shit ğŸ‘‘ #PUBG https://t.co/kCHEtukwL6"
56,2020-10-25 01:57:09,145,0,"RT @theGaGOD: Sometimes you are just feeling it ğŸ”¥ğŸ”¥

Back on that king shit ğŸ‘‘ #PUBG https://t.co/kCHEtukwL6"
57,2020-10-25 01:47:29,145,0,"RT @theGaGOD: Sometimes you are just feeling it ğŸ”¥ğŸ”¥

Back on that king shit ğŸ‘‘ #PUBG https://t.co/kCHEtukwL6"
58,2020-10-25 01:44:16,0,0,THE OVEN IS PREHEATED! LIVE NOW!! https://t.co/BaJSAkozLk #PUBG #SHAKENBAKE_TV
59,2020-10-25 01:39:56,145,0,"RT @theGaGOD: Sometimes you are just feeling it ğŸ”¥ğŸ”¥

Back on that king shit ğŸ‘‘ #PUBG https://t.co/kCHEtukwL6"
60,2020-10-25 01:33:02,0,0,Check out my broadcast from my #PS4 #PS5 #PUBG #ThisIsBattleRoyal (PLAYERUNKNOWN'S BATTLEGROUNDS)  live at https://t.co/2NYCvlhXeI
61,2020-10-25 01:32:50,0,3,"We're live! Come chill with us!
https://t.co/VPvtR8kNio
#gaming #gamer #ps #game #videogames #playstation #xboxâ€¦ https://t.co/2CpGAAr8vm"
62,2020-10-25 01:25:25,3,0,"RT @GpGreen757: welcome all https://t.co/Et9VSTktaR 

 #RainbowSixSiege @SmallStreamersC #RogueCompany #XBOX
 @SupStreamers #warzone #Calloâ€¦"
63,2020-10-25 01:25:01,145,0,"RT @theGaGOD: Sometimes you are just feeling it ğŸ”¥ğŸ”¥

Back on that king shit ğŸ‘‘ #PUBG https://t.co/kCHEtukwL6"
64,2020-10-25 01:24:55,2,0,"RT @Rove60: And Iâ€™m feeling?

#Ø¨Ø¨Ø¬ÙŠ #Ø¨Ø¨Ø¬ÙŠ_Ù…ÙˆØ¨Ø§ÙŠÙ„ #PUBG #PUBGMOBILE https://t.co/yQmbivjwnB"
65,2020-10-25 01:24:53,280,0,"RT @NHH_Gaming: 4000 Ap or 25$ steam gift card giveaway.
Must retweet and like (make sure ti be following me) you have until October 20th #â€¦"
66,2020-10-25 01:22:51,145,0,"RT @theGaGOD: Sometimes you are just feeling it ğŸ”¥ğŸ”¥

Back on that king shit ğŸ‘‘ #PUBG https://t.co/kCHEtukwL6"
67,2020-10-25 01:17:54,145,0,"RT @theGaGOD: Sometimes you are just feeling it ğŸ”¥ğŸ”¥

Back on that king shit ğŸ‘‘ #PUBG https://t.co/kCHEtukwL6"
68,2020-10-25 01:17:27,0,1,"Quick Swap over to #PUBG #pubg #twitch ğŸŸªğŸ”¥ğŸŸªğŸ‘‡ğŸ»ğŸ‘‡ğŸ»ğŸ‘‡ğŸ» 

Hit that follow\sub button
https://t.co/e6FWYocczC"
69,2020-10-25 01:16:39,0,0,"For the lovers and fans of PLAYERUNKNOWN'S BATTLEGROUNDS, the best promotion has arrived !!
Take the chance to getâ€¦ https://t.co/EK4O6sbOZw"
70,2020-10-25 01:16:18,145,0,"RT @theGaGOD: Sometimes you are just feeling it ğŸ”¥ğŸ”¥

Back on that king shit ğŸ‘‘ #PUBG https://t.co/kCHEtukwL6"
71,2020-10-25 01:16:08,51,0,RT @Danucd1: I love to kill Toxic players - c*ka bly*d ğŸ˜‚ It's so satisfying #pubg #toxic #russian https://t.co/xf6YYESFA2
72,2020-10-25 01:13:58,145,0,"RT @theGaGOD: Sometimes you are just feeling it ğŸ”¥ğŸ”¥

Back on that king shit ğŸ‘‘ #PUBG https://t.co/kCHEtukwL6"
73,2020-10-25 01:13:07,145,0,"RT @theGaGOD: Sometimes you are just feeling it ğŸ”¥ğŸ”¥

Back on that king shit ğŸ‘‘ #PUBG https://t.co/kCHEtukwL6"
74,2020-10-25 01:11:53,0,0,So. Unlucky :(  WE TRY AGAIN lol... #PUBG #PS4 https://t.co/3Puf24S8jF
75,2020-10-25 01:10:00,145,0,"RT @theGaGOD: Sometimes you are just feeling it ğŸ”¥ğŸ”¥

Back on that king shit ğŸ‘‘ #PUBG https://t.co/kCHEtukwL6"
76,2020-10-25 01:04:54,1,1,Check out my broadcast of our @grownfolksoc Clan #PUBG Event -Dogfight Night with gliders  #PS4live live at https://t.co/JbdXZzi0Gf
77,2020-10-25 01:00:35,51,0,RT @Danucd1: I love to kill Toxic players - c*ka bly*d ğŸ˜‚ It's so satisfying #pubg #toxic #russian https://t.co/xf6YYESFA2
78,2020-10-25 01:00:11,0,2,"What should i stream yall ?? 
#AmnesiaRebirth #UMVC3 #SkaterXL #TonyHawksProSkater1and2 #FallGuys #GhostOfTsushimaâ€¦ https://t.co/GM8ZnfFcP3"
79,2020-10-25 00:56:25,1,0,"RT @invert_tec: Just went live! https://t.co/ngOjeYVUOD

#pubg #gaming #SmallStreamersConnect #SupportSmallStreamers  #Twitchstream #Twitchâ€¦"
80,2020-10-25 00:55:45,1,1,"Just went live! https://t.co/ngOjeYVUOD

#pubg #gaming #SmallStreamersConnect #SupportSmallStreamers  #Twitchstreamâ€¦ https://t.co/FxYoehI0LH"
81,2020-10-25 00:54:27,3,4,"welcome all https://t.co/Et9VSTktaR 

 #RainbowSixSiege @SmallStreamersC #RogueCompany #XBOX
 @SupStreamersâ€¦ https://t.co/mpXzQLJn9w"
82,2020-10-25 00:50:44,0,0,"Tik tok is easier for me to do the clips that i used to post on here...so, if thats ur jam. Follow me over thereâ€¦ https://t.co/mviPHAxoIv"
83,2020-10-25 00:49:58,280,0,"RT @NHH_Gaming: 4000 Ap or 25$ steam gift card giveaway.
Must retweet and like (make sure ti be following me) you have until October 20th #â€¦"
84,2020-10-25 00:48:57,51,0,RT @Danucd1: I love to kill Toxic players - c*ka bly*d ğŸ˜‚ It's so satisfying #pubg #toxic #russian https://t.co/xf6YYESFA2
85,2020-10-25 00:46:03,145,0,"RT @theGaGOD: Sometimes you are just feeling it ğŸ”¥ğŸ”¥

Back on that king shit ğŸ‘‘ #PUBG https://t.co/kCHEtukwL6"
86,2020-10-25 00:44:50,30,0,RT @chocoTaco: headshot ğŸ”¥ #chocotaco #chocotacogames #chococlips #pubg #pubgclips #twitch https://t.co/juYBiiQArA
87,2020-10-25 00:44:00,51,0,RT @Danucd1: I love to kill Toxic players - c*ka bly*d ğŸ˜‚ It's so satisfying #pubg #toxic #russian https://t.co/xf6YYESFA2
88,2020-10-25 00:42:59,30,0,RT @chocoTaco: headshot ğŸ”¥ #chocotaco #chocotacogames #chococlips #pubg #pubgclips #twitch https://t.co/juYBiiQArA
89,2020-10-25 00:40:47,145,0,"RT @theGaGOD: Sometimes you are just feeling it ğŸ”¥ğŸ”¥

Back on that king shit ğŸ‘‘ #PUBG https://t.co/kCHEtukwL6"
90,2020-10-25 00:40:23,3,0,RT @FrankTheTankXL: Liking this new map and hopefully it gets put on duos! #PUBG #BattleRoyale #WINNER https://t.co/TFhuDyRpmw
91,2020-10-25 00:38:29,2,0,RT @Thissil99: The #PUBG community is great @ObiWannCoyote @CorkyTWITCH https://t.co/nynYibKPfI
92,2020-10-25 00:38:24,145,0,"RT @theGaGOD: Sometimes you are just feeling it ğŸ”¥ğŸ”¥

Back on that king shit ğŸ‘‘ #PUBG https://t.co/kCHEtukwL6"
93,2020-10-25 00:38:10,145,0,"RT @theGaGOD: Sometimes you are just feeling it ğŸ”¥ğŸ”¥

Back on that king shit ğŸ‘‘ #PUBG https://t.co/kCHEtukwL6"
94,2020-10-25 00:32:06,2,0,"RT @advsound: What's Inside the Nismo 3D package!

#advanced #advsound #rog #headphones #ps4 #twitch #designedformusicians #videogamers #gaâ€¦"
95,2020-10-25 00:32:05,30,0,RT @chocoTaco: headshot ğŸ”¥ #chocotaco #chocotacogames #chococlips #pubg #pubgclips #twitch https://t.co/juYBiiQArA
96,2020-10-25 00:29:47,1,0,"RT @ComradeRevenge: Hopping into the battlegrounds!  Come hang out and assist me on the #roadtoaffiliate!
 https://t.co/iYvOX0D2My
@smallstâ€¦"
97,2020-10-25 00:28:36,0,1,Check out Online Carnage  https://t.co/vhoTPpHf3J #gaming #gamer #game #videogames #playstation #xboxÂ Â  #gamesâ€¦ https://t.co/caVEdEwbR4
98,2020-10-25 00:25:48,30,0,RT @chocoTaco: headshot ğŸ”¥ #chocotaco #chocotacogames #chococlips #pubg #pubgclips #twitch https://t.co/juYBiiQArA
99,2020-10-25 00:25:18,51,0,RT @Danucd1: I love to kill Toxic players - c*ka bly*d ğŸ˜‚ It's so satisfying #pubg #toxic #russian https://t.co/xf6YYESFA2
100,2020-10-25 00:24:52,1,3,"Hopping into the battlegrounds!  Come hang out and assist me on the #roadtoaffiliate!
 https://t.co/iYvOX0D2Myâ€¦ https://t.co/F5v18TY0NE"
101,2020-10-25 00:24:17,145,0,"RT @theGaGOD: Sometimes you are just feeling it ğŸ”¥ğŸ”¥

Back on that king shit ğŸ‘‘ #PUBG https://t.co/kCHEtukwL6"
102,2020-10-25 00:22:25,2,0,"RT @advsound: What's Inside the Nismo 3D package!

#advanced #advsound #rog #headphones #ps4 #twitch #designedformusicians #videogamers #gaâ€¦"
103,2020-10-25 00:20:09,280,0,"RT @NHH_Gaming: 4000 Ap or 25$ steam gift card giveaway.
Must retweet and like (make sure ti be following me) you have until October 20th #â€¦"
104,2020-10-25 00:20:08,0,1,@PUBGEsports @SkazkaPUBG @clueless_team @clueless_team is here to rock and grab some #ChickenDinner !!! -- Keep itâ€¦ https://t.co/WP01lNj4Wh
105,2020-10-25 00:17:08,145,0,"RT @theGaGOD: Sometimes you are just feeling it ğŸ”¥ğŸ”¥

Back on that king shit ğŸ‘‘ #PUBG https://t.co/kCHEtukwL6"
106,2020-10-25 00:16:55,0,0,"Thirsty Island scrims!
@trovolive 
@PubgmCommunity @PUBGMOBILE 
https://t.co/ATrQ6LRI3y 
 #gamers #gamerlifeâ€¦ https://t.co/uZ2HJP51v3"
107,2020-10-25 00:15:34,145,0,"RT @theGaGOD: Sometimes you are just feeling it ğŸ”¥ğŸ”¥

Back on that king shit ğŸ‘‘ #PUBG https://t.co/kCHEtukwL6"
108,2020-10-25 00:13:43,51,0,RT @Danucd1: I love to kill Toxic players - c*ka bly*d ğŸ˜‚ It's so satisfying #pubg #toxic #russian https://t.co/xf6YYESFA2
109,2020-10-25 00:09:20,145,0,"RT @theGaGOD: Sometimes you are just feeling it ğŸ”¥ğŸ”¥

Back on that king shit ğŸ‘‘ #PUBG https://t.co/kCHEtukwL6"
110,2020-10-25 00:05:57,145,0,"RT @theGaGOD: Sometimes you are just feeling it ğŸ”¥ğŸ”¥

Back on that king shit ğŸ‘‘ #PUBG https://t.co/kCHEtukwL6"
111,2020-10-25 00:00:07,0,2,Warzone DUBS???  SIMPS  Sub goal 3/5 https://t.co/FzvpudcKMh #cod #ps #gaming #modernwarfare #gamer #warzoneâ€¦ https://t.co/vYWNEzzo6m
112,2020-10-24 23:58:57,0,4,Warzone DUBS???  SIMPS  Sub goal 3/5 https://t.co/NmdPYMAWVo #callofduty #cod #ps #gaming #modernwarfare #gamerâ€¦ https://t.co/bp087uqvYc
113,2020-10-24 23:55:26,0,0,"LIVE checking out the new Paramo map on #PuBg then #AmongUs with friends
https://t.co/Xn4iUqYvmh https://t.co/J718mwSBQC"
114,2020-10-24 23:52:32,0,4,I'm now streaming on Twitch! Playing idrxphoodie https://t.co/VhHdKSmVhf #warzone #live #pcgamer #modernwarfareâ€¦ https://t.co/dmxirFr5Cv
115,2020-10-24 23:49:52,0,2,"Duos with Penny! She get stronk arms to carry me!

#PUBG
valerawho is live! Come say hello  https://t.co/4ikAV41OsN"
116,2020-10-24 23:48:07,145,0,"RT @theGaGOD: Sometimes you are just feeling it ğŸ”¥ğŸ”¥

Back on that king shit ğŸ‘‘ #PUBG https://t.co/kCHEtukwL6"
117,2020-10-24 23:46:54,145,0,"RT @theGaGOD: Sometimes you are just feeling it ğŸ”¥ğŸ”¥

Back on that king shit ğŸ‘‘ #PUBG https://t.co/kCHEtukwL6"
118,2020-10-24 23:42:41,280,0,"RT @NHH_Gaming: 4000 Ap or 25$ steam gift card giveaway.
Must retweet and like (make sure ti be following me) you have until October 20th #â€¦"
119,2020-10-24 23:40:28,145,0,"RT @theGaGOD: Sometimes you are just feeling it ğŸ”¥ğŸ”¥

Back on that king shit ğŸ‘‘ #PUBG https://t.co/kCHEtukwL6"
120,2020-10-24 23:40:23,145,0,"RT @theGaGOD: Sometimes you are just feeling it ğŸ”¥ğŸ”¥

Back on that king shit ğŸ‘‘ #PUBG https://t.co/kCHEtukwL6"
121,2020-10-24 23:40:16,30,0,RT @chocoTaco: headshot ğŸ”¥ #chocotaco #chocotacogames #chococlips #pubg #pubgclips #twitch https://t.co/juYBiiQArA
122,2020-10-24 23:36:05,145,0,"RT @theGaGOD: Sometimes you are just feeling it ğŸ”¥ğŸ”¥

Back on that king shit ğŸ‘‘ #PUBG https://t.co/kCHEtukwL6"
123,2020-10-24 23:31:33,145,0,"RT @theGaGOD: Sometimes you are just feeling it ğŸ”¥ğŸ”¥

Back on that king shit ğŸ‘‘ #PUBG https://t.co/kCHEtukwL6"
124,2020-10-24 23:30:32,0,0,Chilling in #PUBG looking for that 60FPS &amp; solo ranked like... https://t.co/tRiMhCoDhd
125,2020-10-24 23:28:56,2,0,RT @Thissil99: The #PUBG community is great @ObiWannCoyote @CorkyTWITCH https://t.co/nynYibKPfI
126,2020-10-24 23:26:10,2,45,The #PUBG community is great @ObiWannCoyote @CorkyTWITCH https://t.co/nynYibKPfI
127,2020-10-24 23:23:50,145,0,"RT @theGaGOD: Sometimes you are just feeling it ğŸ”¥ğŸ”¥

Back on that king shit ğŸ‘‘ #PUBG https://t.co/kCHEtukwL6"
128,2020-10-24 23:22:46,3,0,"RT @KiMMOtherapy: me ğŸ¤ sniping ; RANKED

#PUBG #PLAYERSUNKNOWNBATTLEGROUNDS
#WinnerWinnerChickenDinner #XboxOne #streaming #streamer #Streaâ€¦"
129,2020-10-24 23:19:41,3,0,"RT @KiMMOtherapy: me ğŸ¤ sniping ; RANKED

#PUBG #PLAYERSUNKNOWNBATTLEGROUNDS
#WinnerWinnerChickenDinner #XboxOne #streaming #streamer #Streaâ€¦"
130,2020-10-24 23:19:36,3,0,"RT @KiMMOtherapy: me ğŸ¤ sniping ; RANKED

#PUBG #PLAYERSUNKNOWNBATTLEGROUNDS
#WinnerWinnerChickenDinner #XboxOne #streaming #streamer #Streaâ€¦"
131,2020-10-24 23:19:18,145,0,"RT @theGaGOD: Sometimes you are just feeling it ğŸ”¥ğŸ”¥

Back on that king shit ğŸ‘‘ #PUBG https://t.co/kCHEtukwL6"
132,2020-10-24 23:15:57,145,0,"RT @theGaGOD: Sometimes you are just feeling it ğŸ”¥ğŸ”¥

Back on that king shit ğŸ‘‘ #PUBG https://t.co/kCHEtukwL6"
133,2020-10-24 23:14:58,0,1,@PUBGEsports Let's Go #TeamClueless @hambinooo  #PUBG #NAChallengerCup
134,2020-10-24 23:14:30,145,0,"RT @theGaGOD: Sometimes you are just feeling it ğŸ”¥ğŸ”¥

Back on that king shit ğŸ‘‘ #PUBG https://t.co/kCHEtukwL6"
135,2020-10-24 23:13:17,0,0,"Join me tonight at https://t.co/Ce9lJhpoyA

#Livestream #PUBG #chickendinner https://t.co/TH9BXQLj6y"
136,2020-10-24 23:09:33,145,0,"RT @theGaGOD: Sometimes you are just feeling it ğŸ”¥ğŸ”¥

Back on that king shit ğŸ‘‘ #PUBG https://t.co/kCHEtukwL6"
137,2020-10-24 23:05:46,1,0,"RT @GabrielWolfee: Missing my mom so lets kick some @$ https://t.co/gaLJno8Dkj
#pcgaming #gaming #gamer #pc #xbox  #videogames #pcgamer #twâ€¦"
138,2020-10-24 23:05:07,0,3,@THEIBIRD1 being a bitch as per usual #pubg #cuck #ladyboy #angrybird #twitch https://t.co/MxY0TAhXl4
139,2020-10-24 23:02:11,145,0,"RT @theGaGOD: Sometimes you are just feeling it ğŸ”¥ğŸ”¥

Back on that king shit ğŸ‘‘ #PUBG https://t.co/kCHEtukwL6"
140,2020-10-24 23:01:01,0,0,LFGdating is #1 dating app for gamers - download today for iOS @ https://t.co/9PFzqEFixw #gamerdating #geekdatingâ€¦ https://t.co/M0gpztHfjq
141,2020-10-24 23:00:25,0,0,"Follow for more facts like this!!

#gaming #gamer #ps #game #videogames #playstation #xbox #games #fortnite #twitchâ€¦ https://t.co/kyshpCyfI2"
142,2020-10-24 23:00:03,3,3,"me ğŸ¤ sniping ; RANKED

#PUBG #PLAYERSUNKNOWNBATTLEGROUNDS
#WinnerWinnerChickenDinner #XboxOne #streaming #streamerâ€¦ https://t.co/hr9rde7t0l"
143,2020-10-24 22:59:53,0,1,The day of reckoning will being at 4:30 pm pst. #warzone #pubg #RocketLeague https://t.co/fQRwV5G7Sk
144,2020-10-24 22:55:39,0,2,Remember to follow me on twitch! Streams soon to begin again!!! https://t.co/ZImB8AogR4 #PUBG #twitchaffiliateâ€¦ https://t.co/whp9rv4aKh
145,2020-10-24 22:54:36,0,0,Check out my broadcast from my #PS4 #PS4live #PS5 #PUBG #ThisIsBattleRoyal  (PLAYERUNKNOWN'S BATTLEGROUNDS)  live at https://t.co/KXv0krL5CJ
146,2020-10-24 22:54:04,1,5,"Missing my mom so lets kick some @$ https://t.co/gaLJno8Dkj
#pcgaming #gaming #gamer #pc #xbox  #videogamesâ€¦ https://t.co/U4oov4uBbt"
147,2020-10-24 22:52:45,145,0,"RT @theGaGOD: Sometimes you are just feeling it ğŸ”¥ğŸ”¥

Back on that king shit ğŸ‘‘ #PUBG https://t.co/kCHEtukwL6"
148,2020-10-24 22:52:23,280,0,"RT @NHH_Gaming: 4000 Ap or 25$ steam gift card giveaway.
Must retweet and like (make sure ti be following me) you have until October 20th #â€¦"
149,2020-10-24 22:51:47,0,1,@ksjfiltr HELLO WORLD PLEASE WAKE UP #pubg #league #army #instagram #twitter #tumblr
150,2020-10-24 22:50:54,0,4,GoodnightğŸ˜ğŸ˜´ #PUBG #twitchaffiliate #gamingcommunity #gaming #meta #twitchtv #twitch https://t.co/RIFfns7wJ5
151,2020-10-24 22:48:41,30,0,RT @chocoTaco: headshot ğŸ”¥ #chocotaco #chocotacogames #chococlips #pubg #pubgclips #twitch https://t.co/juYBiiQArA
152,2020-10-24 22:48:02,145,0,"RT @theGaGOD: Sometimes you are just feeling it ğŸ”¥ğŸ”¥

Back on that king shit ğŸ‘‘ #PUBG https://t.co/kCHEtukwL6"
153,2020-10-24 22:47:51,145,0,"RT @theGaGOD: Sometimes you are just feeling it ğŸ”¥ğŸ”¥

Back on that king shit ğŸ‘‘ #PUBG https://t.co/kCHEtukwL6"
154,2020-10-24 22:47:16,30,0,RT @chocoTaco: headshot ğŸ”¥ #chocotaco #chocotacogames #chococlips #pubg #pubgclips #twitch https://t.co/juYBiiQArA
155,2020-10-24 22:46:49,51,0,RT @Danucd1: I love to kill Toxic players - c*ka bly*d ğŸ˜‚ It's so satisfying #pubg #toxic #russian https://t.co/xf6YYESFA2
156,2020-10-24 22:46:09,30,0,RT @chocoTaco: headshot ğŸ”¥ #chocotaco #chocotacogames #chococlips #pubg #pubgclips #twitch https://t.co/juYBiiQArA
157,2020-10-24 22:41:58,0,4,"Hiya! We're live now on Twitch! Come make new friends :)  

https://t.co/LPw0rJHCkL

#pubg #pubgclips #jazonogâ€¦ https://t.co/fHRnWDT4cF"
158,2020-10-24 22:41:18,1,0,"RT @RandomRobLIVE: Pubg time. 

We Meme'n

Gliders, Drive-bys, Really poor decisions, Bad Puns.

LET'S PARTY 

#theparty #pubg #pubgclipsâ€¦"
159,2020-10-24 22:40:18,0,0,PUBG PS4 Beryl M762 X4 Scope #pubgvideos #pubgclips #pubg #pubgmemes #pubgmobile #pubgmoments #pubgfunny https://t.co/4FqRSpgLoU
160,2020-10-24 22:38:58,1,2,"Pubg time. 

We Meme'n

Gliders, Drive-bys, Really poor decisions, Bad Puns.

LET'S PARTY 

#theparty #pubgâ€¦ https://t.co/yOKC1YYyfd"
161,2020-10-24 22:37:20,1,0,RT @avitsilencedu: Sorting out a domestic with a double kill then taking away the BRDM so no one can use it ğŸ˜‚ğŸ¤£ğŸ˜ #PUBG #Xbox #twitch #consolâ€¦
162,2020-10-24 22:35:35,1,1,Sorting out a domestic with a double kill then taking away the BRDM so no one can use it ğŸ˜‚ğŸ¤£ğŸ˜ #PUBG #Xbox #twitchâ€¦ https://t.co/Bj87rJSYQ3
163,2020-10-24 22:32:12,3,0,"RT @JxshStrxngxr: 29 followers off of 700 *cough*

https://t.co/gP6YvEVBvA

#SupportSmallStreamers #TwitchStreamer #newstreamer 
#ModernWarâ€¦"
164,2020-10-24 22:30:23,145,0,"RT @theGaGOD: Sometimes you are just feeling it ğŸ”¥ğŸ”¥

Back on that king shit ğŸ‘‘ #PUBG https://t.co/kCHEtukwL6"
165,2020-10-24 22:27:20,0,0,"My 12 yr old just fired up #PUBG and got Sanhok...his response, "" NOOOOOOOOO...THEY GAVE ME SANHOK!!!"" He expressedâ€¦ https://t.co/S43qpCKOSO"
166,2020-10-24 22:27:04,2,0,"RT @iLLWiLL114: https://t.co/jgNmmixH5s @SmallStreamersR @shoutrts
@shoutgamers @FEAR_RTs @SGH_RTs
@StreamerNetwork @BlazedRTs
@FameRTR @Laâ€¦"
167,2020-10-24 22:27:03,2,0,"RT @iLLWiLL114: https://t.co/jgNmmixH5s @SmallStreamersR @shoutrts
@shoutgamers @FEAR_RTs @SGH_RTs
@StreamerNetwork @BlazedRTs
@FameRTR @Laâ€¦"
168,2020-10-24 22:26:21,2,1,"https://t.co/jgNmmixH5s @SmallStreamersR @shoutrts
@shoutgamers @FEAR_RTs @SGH_RTs
@StreamerNetwork @BlazedRTsâ€¦ https://t.co/M6mrT6Euhr"
169,2020-10-24 22:25:31,145,0,"RT @theGaGOD: Sometimes you are just feeling it ğŸ”¥ğŸ”¥

Back on that king shit ğŸ‘‘ #PUBG https://t.co/kCHEtukwL6"
170,2020-10-24 22:24:09,145,0,"RT @theGaGOD: Sometimes you are just feeling it ğŸ”¥ğŸ”¥

Back on that king shit ğŸ‘‘ #PUBG https://t.co/kCHEtukwL6"
171,2020-10-24 22:22:45,30,0,RT @chocoTaco: headshot ğŸ”¥ #chocotaco #chocotacogames #chococlips #pubg #pubgclips #twitch https://t.co/juYBiiQArA
172,2020-10-24 22:20:49,3,0,"RT @JxshStrxngxr: 29 followers off of 700 *cough*

https://t.co/gP6YvEVBvA

#SupportSmallStreamers #TwitchStreamer #newstreamer 
#ModernWarâ€¦"
173,2020-10-24 22:19:11,3,0,"RT @JxshStrxngxr: 29 followers off of 700 *cough*

https://t.co/gP6YvEVBvA

#SupportSmallStreamers #TwitchStreamer #newstreamer 
#ModernWarâ€¦"
174,2020-10-24 22:19:06,3,3,"29 followers off of 700 *cough*

https://t.co/gP6YvEVBvA

#SupportSmallStreamers #TwitchStreamer #newstreamerâ€¦ https://t.co/4hh53xUTlR"
175,2020-10-24 22:18:07,0,0,"Winner winner chicken dinner! Let's go !
#1manarmy #wins #gamer #gamingclips #canttouchthis #rampage #pubgxboxâ€¦ https://t.co/8smpxif7ie"
176,2020-10-24 22:16:58,1,0,"RT @numbaonekillas: Shipment be like ğŸ˜…

#gamer #gaming #ps #game #playstation #games #videogames #xbox #gamergirl #twitch #gamers #fortniteâ€¦"
177,2020-10-24 22:16:16,1,6,"Shipment be like ğŸ˜…

#gamer #gaming #ps #game #playstation #games #videogames #xbox #gamergirl #twitch #gamersâ€¦ https://t.co/JsJppwA6TP"
178,2020-10-24 22:13:49,0,1,got off working early today!! finally get to warm up and get ready for some possible scrims tonight!! #pubgâ€¦ https://t.co/4d3mkGQJOp
179,2020-10-24 22:13:45,1,0,RT @BeautyFlyin: Iâ€™m still streaming. Hopping on call of duty now. #supportsmallstreamers #twitch #twitchtv #gamergirl #girlgamer #xboxÂ  #pâ€¦
180,2020-10-24 22:13:19,0,2,"ğŸ”´LIVE - TWITCHH Y U TAKE MY JAMZZZ?!ğŸ”´
https://t.co/PJL8y2oNLf #ApexLegends 
#doggo #cam #2020  #apex #twitchâ€¦ https://t.co/TE6LXk9JXT"
181,2020-10-24 22:13:12,0,0,PUBG PS4 Squad Wipe Using Beryl M762 #pubgclips #pubgvideos #pubg #pubgmemes #pubgmobile #pubgfunny #pubgxbox https://t.co/aXBEAy2wQe
182,2020-10-24 22:12:05,145,0,"RT @theGaGOD: Sometimes you are just feeling it ğŸ”¥ğŸ”¥

Back on that king shit ğŸ‘‘ #PUBG https://t.co/kCHEtukwL6"
183,2020-10-24 22:11:45,5,0,"RT @iLLWiLL114: https://t.co/jgNmmixH5s @SmallStreamersR @shoutrts
@shoutgamers @FEAR_RTs @SGH_RTs
@StreamerNetwork @BlazedRTs
@FameRTR @Laâ€¦"
184,2020-10-24 22:09:29,3,0,"RT @BIGPLAYBlake: ğŸš¨ GOING LIVE @ 8:30PM ET! ğŸš¨

No real plan. Maybe some #Madden21? #NHL21? #Warzone? #Apex? #AmongUs? #TheShow? #PUBG? 

Weâ€¦"
185,2020-10-24 22:04:38,51,0,RT @Danucd1: I love to kill Toxic players - c*ka bly*d ğŸ˜‚ It's so satisfying #pubg #toxic #russian https://t.co/xf6YYESFA2
186,2020-10-24 22:03:31,1,5,Iâ€™m still streaming. Hopping on call of duty now. #supportsmallstreamers #twitch #twitchtv #gamergirl #girlgamerâ€¦ https://t.co/PfLiNhCFsu
187,2020-10-24 22:01:37,2,2,"What's Inside the Nismo 3D package!

#advanced #advsound #rog #headphones #ps4 #twitch #designedformusiciansâ€¦ https://t.co/qf4p9z1vPZ"
188,2020-10-24 22:00:39,145,0,"RT @theGaGOD: Sometimes you are just feeling it ğŸ”¥ğŸ”¥

Back on that king shit ğŸ‘‘ #PUBG https://t.co/kCHEtukwL6"
189,2020-10-24 22:00:30,6,0,"RT @MKeito1201: PS4 PUBG.
Highlight.
#PS4PUBG #PUBG

https://t.co/AngImDGzWi https://t.co/9xN6ub3kuj"
190,2020-10-24 21:59:39,66,0,RT @chocoTaco: so @PUBG itâ€™s possible the bushes on Paramo are slightly op #chocotaco #chocotacogames #chococlips #pubg #pubgclips #twitchâ€¦
191,2020-10-24 21:58:30,1,0,"RT @effectzTV: ğŸš¨NEW PUBG RANKED VIDEOğŸš¨

18 Kill 1-man game! The homie died early so we had to clutch up! 
#PUBG
@PUBG_EU
 
https://t.co/bgAâ€¦"
192,2020-10-24 21:48:39,280,0,"RT @NHH_Gaming: 4000 Ap or 25$ steam gift card giveaway.
Must retweet and like (make sure ti be following me) you have until October 20th #â€¦"
193,2020-10-24 21:48:12,51,0,RT @Danucd1: I love to kill Toxic players - c*ka bly*d ğŸ˜‚ It's so satisfying #pubg #toxic #russian https://t.co/xf6YYESFA2
194,2020-10-24 21:46:31,0,1,"#PubG can bring out the best in some. This dude DMed me after saying we suck cuz he was AFK. 

When did AFK peopleâ€¦ https://t.co/4Vu6YIUhyR"
195,2020-10-24 21:46:09,145,0,"RT @theGaGOD: Sometimes you are just feeling it ğŸ”¥ğŸ”¥

Back on that king shit ğŸ‘‘ #PUBG https://t.co/kCHEtukwL6"
196,2020-10-24 21:45:28,5,0,"RT @iLLWiLL114: https://t.co/jgNmmixH5s @SmallStreamersR @shoutrts
@shoutgamers @FEAR_RTs @SGH_RTs
@StreamerNetwork @BlazedRTs
@FameRTR @Laâ€¦"
197,2020-10-24 21:43:13,0,3,"Character design ,anyone wanna order ?
#gaming #game #playstation #videogames #Xbox  #games #Fortniteâ€¦ https://t.co/ewFi6eLeeL"
198,2020-10-24 21:43:05,5,0,"RT @iLLWiLL114: https://t.co/jgNmmixH5s @SmallStreamersR @shoutrts
@shoutgamers @FEAR_RTs @SGH_RTs
@StreamerNetwork @BlazedRTs
@FameRTR @Laâ€¦"
199,2020-10-24 21:43:03,5,0,"RT @iLLWiLL114: https://t.co/jgNmmixH5s @SmallStreamersR @shoutrts
@shoutgamers @FEAR_RTs @SGH_RTs
@StreamerNetwork @BlazedRTs
@FameRTR @Laâ€¦"
200,2020-10-24 21:42:46,145,0,"RT @theGaGOD: Sometimes you are just feeling it ğŸ”¥ğŸ”¥

Back on that king shit ğŸ‘‘ #PUBG https://t.co/kCHEtukwL6"
201,2020-10-24 21:42:34,5,0,"RT @iLLWiLL114: https://t.co/jgNmmixH5s @SmallStreamersR @shoutrts
@shoutgamers @FEAR_RTs @SGH_RTs
@StreamerNetwork @BlazedRTs
@FameRTR @Laâ€¦"
202,2020-10-24 21:42:28,5,0,"https://t.co/jgNmmixH5s @SmallStreamersR @shoutrts
@shoutgamers @FEAR_RTs @SGH_RTs
@StreamerNetwork @BlazedRTsâ€¦ https://t.co/HKJemK63CM"
203,2020-10-24 21:41:49,145,0,"RT @theGaGOD: Sometimes you are just feeling it ğŸ”¥ğŸ”¥

Back on that king shit ğŸ‘‘ #PUBG https://t.co/kCHEtukwL6"
204,2020-10-24 21:40:54,0,0,I reach 5000hours i win something ? ğŸ‘€ #PUBG #PUBGEU #ThisIsBattleRoyale https://t.co/raz1Cq9v71
205,2020-10-24 21:39:20,145,0,"RT @theGaGOD: Sometimes you are just feeling it ğŸ”¥ğŸ”¥

Back on that king shit ğŸ‘‘ #PUBG https://t.co/kCHEtukwL6"
206,2020-10-24 21:39:19,145,0,"RT @theGaGOD: Sometimes you are just feeling it ğŸ”¥ğŸ”¥

Back on that king shit ğŸ‘‘ #PUBG https://t.co/kCHEtukwL6"
207,2020-10-24 21:38:24,51,0,RT @Danucd1: I love to kill Toxic players - c*ka bly*d ğŸ˜‚ It's so satisfying #pubg #toxic #russian https://t.co/xf6YYESFA2
208,2020-10-24 21:37:44,0,2,"Character design ,anyone wanna order ?
#gaming #game #playstation #videogames #Xbox  #games #Fortnite #twitchâ€¦ https://t.co/dZ1LNWD0Do"
209,2020-10-24 21:34:50,1,0,"RT @zD7z9: Its a really poor way to trying to kill me with been a shitty camper ğŸ¤«ğŸ’ªğŸ»
#Ø¨Ø¨Ø¬ÙŠ 
#PUBG
#pubg_steam
#Ranked
#pc_share https://t.coâ€¦"
210,2020-10-24 21:33:36,0,0,First solo FPP win after 63 hours :) #pubg https://t.co/Rg1vCA57hP
211,2020-10-24 21:33:26,51,0,RT @Danucd1: I love to kill Toxic players - c*ka bly*d ğŸ˜‚ It's so satisfying #pubg #toxic #russian https://t.co/xf6YYESFA2
212,2020-10-24 21:31:10,51,0,RT @Danucd1: I love to kill Toxic players - c*ka bly*d ğŸ˜‚ It's so satisfying #pubg #toxic #russian https://t.co/xf6YYESFA2
213,2020-10-24 21:29:19,0,3,"This is what bitches look like
.
.
.
.
.
#fashion #cute #photography #hiphop #youtube #videogames #explore #artâ€¦ https://t.co/5ZvJ1NdsSj"
214,2020-10-24 21:28:40,0,2,PUBG Mobile is dying #pubg #PUBGMOBILE #dead https://t.co/cbUZAIdzT3
215,2020-10-24 21:27:55,51,0,RT @Danucd1: I love to kill Toxic players - c*ka bly*d ğŸ˜‚ It's so satisfying #pubg #toxic #russian https://t.co/xf6YYESFA2
216,2020-10-24 21:26:55,145,0,"RT @theGaGOD: Sometimes you are just feeling it ğŸ”¥ğŸ”¥

Back on that king shit ğŸ‘‘ #PUBG https://t.co/kCHEtukwL6"
217,2020-10-24 21:24:51,145,0,"RT @theGaGOD: Sometimes you are just feeling it ğŸ”¥ğŸ”¥

Back on that king shit ğŸ‘‘ #PUBG https://t.co/kCHEtukwL6"
218,2020-10-24 21:18:54,0,0,"Changing over with some #PUBG with lads

Dont forget if you want banter and laughs! Join in over atâ€¦ https://t.co/MGlYE4YRx5"
219,2020-10-24 21:17:11,0,0,"Snaking is not good for your health ğŸ˜‚
#pubg #pubgm #pubgmobile #pubg_mobile #pubgmoments #pubglover #pubgloversâ€¦ https://t.co/LGeS0EU1ie"
220,2020-10-24 21:15:02,145,0,"RT @theGaGOD: Sometimes you are just feeling it ğŸ”¥ğŸ”¥

Back on that king shit ğŸ‘‘ #PUBG https://t.co/kCHEtukwL6"
221,2020-10-24 21:14:53,0,0,"Was fed-up by hackers in #Pubg and started playing #AmongUs

Turns out to be #PubgHackers are still bearable than the Among Us Hacks!"
222,2020-10-24 21:13:45,1,0,"RT @GAMESANDGEARS07: ""PUBG Wallpaper Engine Illustration"" by Hey-SUISUI https://t.co/7NSK68M669

Gear up here ==&gt; https://t.co/L6QtvHPdMxâ€¦"
223,2020-10-24 21:12:08,0,4,Lets gooo Back 2 Back #winnerwinnerchickendinner with @ForzaErwin84 on the #PTS #PUBG #Paramo #XboxOneX #60FPS https://t.co/gTKD7HmaxJ
224,2020-10-24 21:06:20,145,0,"RT @theGaGOD: Sometimes you are just feeling it ğŸ”¥ğŸ”¥

Back on that king shit ğŸ‘‘ #PUBG https://t.co/kCHEtukwL6"
225,2020-10-24 21:06:02,3,0,RT @FrankTheTankXL: Liking this new map and hopefully it gets put on duos! #PUBG #BattleRoyale #WINNER https://t.co/TFhuDyRpmw
226,2020-10-24 21:05:06,145,0,"RT @theGaGOD: Sometimes you are just feeling it ğŸ”¥ğŸ”¥

Back on that king shit ğŸ‘‘ #PUBG https://t.co/kCHEtukwL6"
227,2020-10-24 21:03:15,3,0,RT @FrankTheTankXL: Liking this new map and hopefully it gets put on duos! #PUBG #BattleRoyale #WINNER https://t.co/TFhuDyRpmw
228,2020-10-24 21:02:36,145,0,"RT @theGaGOD: Sometimes you are just feeling it ğŸ”¥ğŸ”¥

Back on that king shit ğŸ‘‘ #PUBG https://t.co/kCHEtukwL6"
229,2020-10-24 21:01:32,0,0,@Danucd1 Kar98k is very powerful in #PUBG unlike #PUBGMOBILE . GGS
230,2020-10-24 21:01:02,145,0,"RT @theGaGOD: Sometimes you are just feeling it ğŸ”¥ğŸ”¥

Back on that king shit ğŸ‘‘ #PUBG https://t.co/kCHEtukwL6"
231,2020-10-24 21:00:23,0,0,Streaming some good old @PUBG_US ğŸ˜† come join and frag out https://t.co/Pz9LDMFMK5 #twitch #PUBG
232,2020-10-24 21:00:08,145,0,"RT @theGaGOD: Sometimes you are just feeling it ğŸ”¥ğŸ”¥

Back on that king shit ğŸ‘‘ #PUBG https://t.co/kCHEtukwL6"
233,2020-10-24 20:59:24,1,2,"""PUBG Wallpaper Engine Illustration"" by Hey-SUISUI https://t.co/7NSK68M669

Gear up here ==&gt;â€¦ https://t.co/IOHgioEnZv"
234,2020-10-24 20:54:56,145,0,"RT @theGaGOD: Sometimes you are just feeling it ğŸ”¥ğŸ”¥

Back on that king shit ğŸ‘‘ #PUBG https://t.co/kCHEtukwL6"
235,2020-10-24 20:49:57,145,0,"RT @theGaGOD: Sometimes you are just feeling it ğŸ”¥ğŸ”¥

Back on that king shit ğŸ‘‘ #PUBG https://t.co/kCHEtukwL6"
236,2020-10-24 20:49:41,145,0,"RT @theGaGOD: Sometimes you are just feeling it ğŸ”¥ğŸ”¥

Back on that king shit ğŸ‘‘ #PUBG https://t.co/kCHEtukwL6"
237,2020-10-24 20:46:17,145,0,"RT @theGaGOD: Sometimes you are just feeling it ğŸ”¥ğŸ”¥

Back on that king shit ğŸ‘‘ #PUBG https://t.co/kCHEtukwL6"
238,2020-10-24 20:45:59,145,0,"RT @theGaGOD: Sometimes you are just feeling it ğŸ”¥ğŸ”¥

Back on that king shit ğŸ‘‘ #PUBG https://t.co/kCHEtukwL6"
239,2020-10-24 20:45:44,145,0,"RT @theGaGOD: Sometimes you are just feeling it ğŸ”¥ğŸ”¥

Back on that king shit ğŸ‘‘ #PUBG https://t.co/kCHEtukwL6"
240,2020-10-24 20:44:35,51,0,RT @Danucd1: I love to kill Toxic players - c*ka bly*d ğŸ˜‚ It's so satisfying #pubg #toxic #russian https://t.co/xf6YYESFA2
241,2020-10-24 20:40:08,3,6,Liking this new map and hopefully it gets put on duos! #PUBG #BattleRoyale #WINNER https://t.co/TFhuDyRpmw
242,2020-10-24 20:39:26,1,0,"RT @cgonzTV: Ranking all the battle royale games. GO WATCH :)
#Fortnite #Warzone #ApexLegends #H1Z1 #PUBG
https://t.co/7eJRWUPrTb"
243,2020-10-24 20:35:08,0,0,@svperfecta - lots of us uninstalling PUBG because you took away duo TPP. https://t.co/LEIdRW6pCt We don't want toâ€¦ https://t.co/uTdLqkutyF
244,2020-10-24 20:34:13,145,0,"RT @theGaGOD: Sometimes you are just feeling it ğŸ”¥ğŸ”¥

Back on that king shit ğŸ‘‘ #PUBG https://t.co/kCHEtukwL6"
245,2020-10-24 20:32:47,145,0,"RT @theGaGOD: Sometimes you are just feeling it ğŸ”¥ğŸ”¥

Back on that king shit ğŸ‘‘ #PUBG https://t.co/kCHEtukwL6"
246,2020-10-24 20:31:24,30,0,RT @chocoTaco: headshot ğŸ”¥ #chocotaco #chocotacogames #chococlips #pubg #pubgclips #twitch https://t.co/juYBiiQArA
247,2020-10-24 20:31:16,145,0,"RT @theGaGOD: Sometimes you are just feeling it ğŸ”¥ğŸ”¥

Back on that king shit ğŸ‘‘ #PUBG https://t.co/kCHEtukwL6"
248,2020-10-24 20:30:35,51,0,RT @Danucd1: I love to kill Toxic players - c*ka bly*d ğŸ˜‚ It's so satisfying #pubg #toxic #russian https://t.co/xf6YYESFA2
249,2020-10-24 20:28:23,3,0,"RT @VideoReportPUBG: Another ConqHacker BANNED! This one was truly hard! Thanks for your help and remember, #DontSpendUC ğŸ³ #Ø¨Ø¨Ø¬ÙŠ #Ø¨Ø¨Ø¬ÙŠ_Ù…ÙˆØ¨Ø§â€¦"
250,2020-10-24 20:27:26,51,0,RT @Danucd1: I love to kill Toxic players - c*ka bly*d ğŸ˜‚ It's so satisfying #pubg #toxic #russian https://t.co/xf6YYESFA2
251,2020-10-24 20:26:48,145,0,"RT @theGaGOD: Sometimes you are just feeling it ğŸ”¥ğŸ”¥

Back on that king shit ğŸ‘‘ #PUBG https://t.co/kCHEtukwL6"
252,2020-10-24 20:25:41,145,0,"RT @theGaGOD: Sometimes you are just feeling it ğŸ”¥ğŸ”¥

Back on that king shit ğŸ‘‘ #PUBG https://t.co/kCHEtukwL6"
253,2020-10-24 20:22:29,145,0,"RT @theGaGOD: Sometimes you are just feeling it ğŸ”¥ğŸ”¥

Back on that king shit ğŸ‘‘ #PUBG https://t.co/kCHEtukwL6"
254,2020-10-24 20:18:05,145,0,"RT @theGaGOD: Sometimes you are just feeling it ğŸ”¥ğŸ”¥

Back on that king shit ğŸ‘‘ #PUBG https://t.co/kCHEtukwL6"
255,2020-10-24 20:16:53,145,0,"RT @theGaGOD: Sometimes you are just feeling it ğŸ”¥ğŸ”¥

Back on that king shit ğŸ‘‘ #PUBG https://t.co/kCHEtukwL6"
256,2020-10-24 20:15:50,69,0,RT @Danucd1: Les goooo. That was gooood game  #pubg #gamer https://t.co/qf78jZaiNM
257,2020-10-24 20:14:55,145,0,"RT @theGaGOD: Sometimes you are just feeling it ğŸ”¥ğŸ”¥

Back on that king shit ğŸ‘‘ #PUBG https://t.co/kCHEtukwL6"
258,2020-10-24 20:14:48,145,0,"RT @theGaGOD: Sometimes you are just feeling it ğŸ”¥ğŸ”¥

Back on that king shit ğŸ‘‘ #PUBG https://t.co/kCHEtukwL6"
259,2020-10-24 20:14:31,1,0,RT @BeautyFlyin: Ranked ConquestğŸ™ŒğŸ¿ğŸ™ŒğŸ¿ğŸ™ŒğŸ¿#supportsmallstreamers #twitch #twitchtv #gamergirl #girlgamer #xbox #pubg #smite #cod #rainbowsixsieâ€¦
260,2020-10-24 20:12:58,0,3,"xREFLEX is here baby ğŸ˜›

#pubg | #PUBG_MOBILE  | #Ø¨Ø¨Ø¬ÙŠ  | #Ø¨Ø¨Ø¬ÙŠ_Ø´Ø¯Ø§Øª https://t.co/8CgbQpJFm6"
261,2020-10-24 20:12:30,4,0,"RT @PlagueTemplar: Not sure what to play today so while I figure that out lets shoot at stuff!! #PUBG
  https://t.co/A0sIwxZS7A"
262,2020-10-24 20:10:52,1,1,"PubG: Playing with the Wife and friends 
#pubg #gamer #game #PlayerUnknownsBattlegrounds #twitch #YouTube 
https://t.co/xU5bcIXMVm"
263,2020-10-24 20:06:39,1,0,"Ranking all the battle royale games. GO WATCH :)
#Fortnite #Warzone #ApexLegends #H1Z1 #PUBG
https://t.co/7eJRWUPrTb"
264,2020-10-24 20:06:24,3,0,"RT @BIGPLAYBlake: ğŸš¨ GOING LIVE @ 8:30PM ET! ğŸš¨

No real plan. Maybe some #Madden21? #NHL21? #Warzone? #Apex? #AmongUs? #TheShow? #PUBG? 

Weâ€¦"
265,2020-10-24 20:06:08,3,0,"RT @BIGPLAYBlake: ğŸš¨ GOING LIVE @ 8:30PM ET! ğŸš¨

No real plan. Maybe some #Madden21? #NHL21? #Warzone? #Apex? #AmongUs? #TheShow? #PUBG? 

Weâ€¦"
266,2020-10-24 20:05:47,3,5,"ğŸš¨ GOING LIVE @ 8:30PM ET! ğŸš¨

No real plan. Maybe some #Madden21? #NHL21? #Warzone? #Apex? #AmongUs? #TheShow? #PUBGâ€¦ https://t.co/KnWJ2e60c2"
267,2020-10-24 20:04:30,51,0,RT @Danucd1: I love to kill Toxic players - c*ka bly*d ğŸ˜‚ It's so satisfying #pubg #toxic #russian https://t.co/xf6YYESFA2
268,2020-10-24 20:04:24,145,0,"RT @theGaGOD: Sometimes you are just feeling it ğŸ”¥ğŸ”¥

Back on that king shit ğŸ‘‘ #PUBG https://t.co/kCHEtukwL6"
269,2020-10-24 20:03:36,145,0,"RT @theGaGOD: Sometimes you are just feeling it ğŸ”¥ğŸ”¥

Back on that king shit ğŸ‘‘ #PUBG https://t.co/kCHEtukwL6"
270,2020-10-24 20:01:10,145,0,"RT @theGaGOD: Sometimes you are just feeling it ğŸ”¥ğŸ”¥

Back on that king shit ğŸ‘‘ #PUBG https://t.co/kCHEtukwL6"
271,2020-10-24 19:58:36,51,0,RT @Danucd1: I love to kill Toxic players - c*ka bly*d ğŸ˜‚ It's so satisfying #pubg #toxic #russian https://t.co/xf6YYESFA2
272,2020-10-24 19:58:14,145,0,"RT @theGaGOD: Sometimes you are just feeling it ğŸ”¥ğŸ”¥

Back on that king shit ğŸ‘‘ #PUBG https://t.co/kCHEtukwL6"
273,2020-10-24 19:58:07,145,0,"RT @theGaGOD: Sometimes you are just feeling it ğŸ”¥ğŸ”¥

Back on that king shit ğŸ‘‘ #PUBG https://t.co/kCHEtukwL6"
274,2020-10-24 19:56:21,145,0,"RT @theGaGOD: Sometimes you are just feeling it ğŸ”¥ğŸ”¥

Back on that king shit ğŸ‘‘ #PUBG https://t.co/kCHEtukwL6"
275,2020-10-24 19:52:51,51,0,RT @Danucd1: I love to kill Toxic players - c*ka bly*d ğŸ˜‚ It's so satisfying #pubg #toxic #russian https://t.co/xf6YYESFA2
276,2020-10-24 19:52:00,14,0,"RT @Devineni_Hari: Back To #PUBG ğŸ¤ğŸ˜

ID : 5161600650

#DHK https://t.co/nuH68cN92y"
277,2020-10-24 19:51:31,0,0,"I'm LIVE NOW! 
â—¢â—¤ Youtube: https://t.co/eTi3THoZ4T 
â—¢â—¤ Twitch: https://t.co/5w5ecvshHW 
â—¢â—¤ Follow:â€¦ https://t.co/UNRuz1mopj"
278,2020-10-24 19:51:24,145,0,"RT @theGaGOD: Sometimes you are just feeling it ğŸ”¥ğŸ”¥

Back on that king shit ğŸ‘‘ #PUBG https://t.co/kCHEtukwL6"
279,2020-10-24 19:50:35,30,0,RT @chocoTaco: headshot ğŸ”¥ #chocotaco #chocotacogames #chococlips #pubg #pubgclips #twitch https://t.co/juYBiiQArA
280,2020-10-24 19:50:04,145,0,"RT @theGaGOD: Sometimes you are just feeling it ğŸ”¥ğŸ”¥

Back on that king shit ğŸ‘‘ #PUBG https://t.co/kCHEtukwL6"
281,2020-10-24 19:45:19,51,0,RT @Danucd1: I love to kill Toxic players - c*ka bly*d ğŸ˜‚ It's so satisfying #pubg #toxic #russian https://t.co/xf6YYESFA2
282,2020-10-24 19:42:54,4,0,"RT @PlagueTemplar: Not sure what to play today so while I figure that out lets shoot at stuff!! #PUBG
  https://t.co/A0sIwxZS7A"
283,2020-10-24 19:42:34,4,0,"RT @PlagueTemplar: Not sure what to play today so while I figure that out lets shoot at stuff!! #PUBG
  https://t.co/A0sIwxZS7A"
284,2020-10-24 19:42:07,0,8,"What a crazy finish to this game! Couldn't clip the whole thing, but just before this I ran out of gas on my motorcâ€¦ https://t.co/YiqaItqX1A"
285,2020-10-24 19:41:43,0,0,"GROOT Y GROOTIE.

ğŸ¥°ğŸ¥°

#PUBGMOBILE 
#PUBG 
#PUBGM https://t.co/3WqF21ache"
286,2020-10-24 19:40:25,4,3,"Not sure what to play today so while I figure that out lets shoot at stuff!! #PUBG
  https://t.co/A0sIwxZS7A"
287,2020-10-24 19:37:24,1,0,RT @miDnIghtEr20C: We are live! https://t.co/B091gcs2t2 #PUBG on #Xbox  New map and new unlocked FPS... let's go! with @hdinred and maybe @â€¦
288,2020-10-24 19:37:13,71,0,RT @chocoTaco: impeccable aim in every aspect of the game ğŸ”¥ğŸ”¥ğŸ”¥ #chocotaco #chocotacogames #chococlips #pubg #pubgclips #twitch https://t.co/â€¦
289,2020-10-24 19:36:23,0,25,"When Hwinn says to go wipe that squad.. You go wipe that squad! ğŸ¤·â€â™‚ï¸ haha

@pubg PCS3 Challenger Cup today and tomoâ€¦ https://t.co/tiyvJp6L80"
290,2020-10-24 19:36:18,145,0,"RT @theGaGOD: Sometimes you are just feeling it ğŸ”¥ğŸ”¥

Back on that king shit ğŸ‘‘ #PUBG https://t.co/kCHEtukwL6"
291,2020-10-24 19:36:18,1,2,We are live! https://t.co/B091gcs2t2 #PUBG on #Xbox  New map and new unlocked FPS... let's go! with @hdinred and maâ€¦ https://t.co/yv9dzSeKFP
292,2020-10-24 19:35:40,0,1,"Come Watch me on #Twitch! https://t.co/Vrq8z74ro7
Runnin with some randoms!
#PUBGMOBILE #PUBG #twitchaffiliate"
293,2020-10-24 19:35:21,145,0,"RT @theGaGOD: Sometimes you are just feeling it ğŸ”¥ğŸ”¥

Back on that king shit ğŸ‘‘ #PUBG https://t.co/kCHEtukwL6"
294,2020-10-24 19:34:24,51,0,RT @Danucd1: I love to kill Toxic players - c*ka bly*d ğŸ˜‚ It's so satisfying #pubg #toxic #russian https://t.co/xf6YYESFA2
295,2020-10-24 19:31:54,1,6,Ranked ConquestğŸ™ŒğŸ¿ğŸ™ŒğŸ¿ğŸ™ŒğŸ¿#supportsmallstreamers #twitch #twitchtv #gamergirl #girlgamer #xbox #pubg #smite #codâ€¦ https://t.co/mTAa9abWZj
296,2020-10-24 19:31:53,145,0,"RT @theGaGOD: Sometimes you are just feeling it ğŸ”¥ğŸ”¥

Back on that king shit ğŸ‘‘ #PUBG https://t.co/kCHEtukwL6"
297,2020-10-24 19:31:52,145,0,"RT @theGaGOD: Sometimes you are just feeling it ğŸ”¥ğŸ”¥

Back on that king shit ğŸ‘‘ #PUBG https://t.co/kCHEtukwL6"
298,2020-10-24 19:31:16,145,0,"RT @theGaGOD: Sometimes you are just feeling it ğŸ”¥ğŸ”¥

Back on that king shit ğŸ‘‘ #PUBG https://t.co/kCHEtukwL6"
299,2020-10-24 19:30:13,145,0,"RT @theGaGOD: Sometimes you are just feeling it ğŸ”¥ğŸ”¥

Back on that king shit ğŸ‘‘ #PUBG https://t.co/kCHEtukwL6"
300,2020-10-24 19:30:11,145,0,"RT @theGaGOD: Sometimes you are just feeling it ğŸ”¥ğŸ”¥

Back on that king shit ğŸ‘‘ #PUBG https://t.co/kCHEtukwL6"
301,2020-10-24 19:26:46,30,0,RT @chocoTaco: headshot ğŸ”¥ #chocotaco #chocotacogames #chococlips #pubg #pubgclips #twitch https://t.co/juYBiiQArA
302,2020-10-24 19:25:37,145,0,"RT @theGaGOD: Sometimes you are just feeling it ğŸ”¥ğŸ”¥

Back on that king shit ğŸ‘‘ #PUBG https://t.co/kCHEtukwL6"
303,2020-10-24 19:22:44,145,0,"RT @theGaGOD: Sometimes you are just feeling it ğŸ”¥ğŸ”¥

Back on that king shit ğŸ‘‘ #PUBG https://t.co/kCHEtukwL6"
304,2020-10-24 19:22:18,0,5,RT @EziRage2k: Going live right now  https://t.co/UvTCYw2x69  #PUBG #PLAYERUNKNOWNSBATTLEGROUNDS #PUBGå‹Ÿé›†â€¦ https://t.co/h5FfCHG8wd
305,2020-10-24 19:19:16,51,0,RT @Danucd1: I love to kill Toxic players - c*ka bly*d ğŸ˜‚ It's so satisfying #pubg #toxic #russian https://t.co/xf6YYESFA2
306,2020-10-24 19:19:07,0,0,#PUBG #Xbox #competitive We all know that game where your barley making it and catch one lucky break. https://t.co/nzYSm9YG9a
307,2020-10-24 19:19:05,145,0,"RT @theGaGOD: Sometimes you are just feeling it ğŸ”¥ğŸ”¥

Back on that king shit ğŸ‘‘ #PUBG https://t.co/kCHEtukwL6"
308,2020-10-24 19:18:44,1,0,"RT @danangmulyos: Check out my Gig on #Fiverr :
I'll design LOGO STREAMER for youtube, twitch, twtitter ,ect start from $5    
https://t.coâ€¦"
309,2020-10-24 19:18:30,145,0,"RT @theGaGOD: Sometimes you are just feeling it ğŸ”¥ğŸ”¥

Back on that king shit ğŸ‘‘ #PUBG https://t.co/kCHEtukwL6"
310,2020-10-24 19:18:14,51,0,RT @Danucd1: I love to kill Toxic players - c*ka bly*d ğŸ˜‚ It's so satisfying #pubg #toxic #russian https://t.co/xf6YYESFA2
311,2020-10-24 19:17:57,2,0,RT @beani_o: Saturday Games ğŸ’ going live on: https://t.co/zVriVIBXAv #xboxone #twitch #twitchaffiliate #twitchstreamer #twitch #femalegamerâ€¦
312,2020-10-24 19:16:50,1,2,"Check out my Gig on #Fiverr :
I'll design LOGO STREAMER for youtube, twitch, twtitter ,ect start from $5â€¦ https://t.co/PtTwBWV4V2"
313,2020-10-24 19:16:37,0,3,"MoneyJosh93 now streaming on Twitch! Playing Call Of Duty: Modern Warfare https://t.co/TJCRgCaGF2 
#houston #gamerâ€¦ https://t.co/olNBOUNrKI"
314,2020-10-24 19:16:11,145,0,"RT @theGaGOD: Sometimes you are just feeling it ğŸ”¥ğŸ”¥

Back on that king shit ğŸ‘‘ #PUBG https://t.co/kCHEtukwL6"
315,2020-10-24 19:13:13,3,0,"RT @VideoReportPUBG: Finally, after many tries, ConqHacker got BANNED ğŸ³. Please, #DontSpendUC and keep reporting hackers ğŸ’ª

#Ø¨Ø¨Ø¬ÙŠ #Ø¨Ø¨Ø¬ÙŠ_Ù…ÙˆØ¨â€¦"
316,2020-10-24 19:10:42,145,0,"RT @theGaGOD: Sometimes you are just feeling it ğŸ”¥ğŸ”¥

Back on that king shit ğŸ‘‘ #PUBG https://t.co/kCHEtukwL6"
317,2020-10-24 19:10:42,0,3,Hot fresh !YT is up with that sweet sweet cum in your pants vibe that only a red dot (twat) on a kar98 can do... LIâ€¦ https://t.co/klfbLdsRSu
318,2020-10-24 19:07:45,0,1,Going live on #Twitch for some #PUBG duos on #Xbox https://t.co/3kQSd8iBcX
319,2020-10-24 19:07:24,51,0,RT @Danucd1: I love to kill Toxic players - c*ka bly*d ğŸ˜‚ It's so satisfying #pubg #toxic #russian https://t.co/xf6YYESFA2
320,2020-10-24 19:06:36,13,0,"RT @ShRont_: PUBG Highlight #15
#PUBG #PUBGHighlight https://t.co/ta7s1kweYW"
321,2020-10-24 19:06:10,30,0,RT @chocoTaco: headshot ğŸ”¥ #chocotaco #chocotacogames #chococlips #pubg #pubgclips #twitch https://t.co/juYBiiQArA
322,2020-10-24 19:03:41,0,0,"We go live guys â˜ºï¸ come and watch us 
ğŸ‘‰ https://t.co/wxDWUPpubx have a nice rest of the day â˜ºï¸â˜ºï¸
#PUBG #streamingâ€¦ https://t.co/6AyryMHg9s"
323,2020-10-24 19:03:28,2,0,RT @BeautyFlyin: https://t.co/n8AF7SJkbd will be on at 3pm est for my debut. #SupportSmallStreamers #twitch #twitchtv #pubg #smite #Rainbowâ€¦
324,2020-10-24 19:02:52,1,0,RT @EziRage2k: Going live right now  https://t.co/DbVHUgiR3J  #PUBG #PLAYERUNKNOWNSBATTLEGROUNDS #PUBGå‹Ÿé›†   #SupportSmallStreamers #affiliatâ€¦
325,2020-10-24 19:02:35,1,0,RT @BeautyFlyin: https://t.co/n8AF7SJkbd will be on at 3pm est for my debut. #SupportSmallStreamers #twitch #twitchtv #pubg #smite #Rainbowâ€¦
326,2020-10-24 19:02:07,1,3,Going live right now  https://t.co/DbVHUgiR3J  #PUBG #PLAYERUNKNOWNSBATTLEGROUNDS #PUBGå‹Ÿé›†   #SupportSmallStreamersâ€¦ https://t.co/tCC2Yd22zx
327,2020-10-24 19:00:20,0,1,#PUBG Back on top with 21 kills in one day!!!! https://t.co/CqvxlW7vC4 via @YouTube
328,2020-10-24 19:00:12,1,0,"RT @PenningWyse: OH SNAP! One of the Crossbros has his first PC Crossbow Kill! ğŸ»ğŸ¹ğŸ¦„ğŸ‘‹

@PnguinTTV out here challenging me to jump to PC ğŸ˜‚

htâ€¦"
329,2020-10-24 19:00:12,1,0,"RT @Nmonkeygaming: MONKEY PLAYING PUBG! [PS4] PRO Live Stream, PlayerUnknown's Battlegrounds
https://t.co/jRzr3GY9b0
#pubg #gaming #streameâ€¦"
330,2020-10-24 18:59:30,2,0,"RT @iikon_21: Head shotğŸ”¥ğŸ¥µ. 
#pubg https://t.co/mO1d7VUaB1"
331,2020-10-24 18:59:06,0,0,#PUBG PC saturday night Party  https://t.co/LhMisKvvLa
332,2020-10-24 18:59:03,2,0,"RT @iikon_21: Head shotğŸ”¥ğŸ¥µ. 
#pubg https://t.co/mO1d7VUaB1"
333,2020-10-24 18:58:13,145,0,"RT @theGaGOD: Sometimes you are just feeling it ğŸ”¥ğŸ”¥

Back on that king shit ğŸ‘‘ #PUBG https://t.co/kCHEtukwL6"
334,2020-10-24 18:58:05,51,0,RT @Danucd1: I love to kill Toxic players - c*ka bly*d ğŸ˜‚ It's so satisfying #pubg #toxic #russian https://t.co/xf6YYESFA2
335,2020-10-24 18:56:47,1,2,"OH SNAP! One of the Crossbros has his first PC Crossbow Kill! ğŸ»ğŸ¹ğŸ¦„ğŸ‘‹

@PnguinTTV out here challenging me to jump to Pâ€¦ https://t.co/WvLVOacwQS"
336,2020-10-24 18:54:57,51,0,RT @Danucd1: I love to kill Toxic players - c*ka bly*d ğŸ˜‚ It's so satisfying #pubg #toxic #russian https://t.co/xf6YYESFA2
337,2020-10-24 18:53:53,145,0,"RT @theGaGOD: Sometimes you are just feeling it ğŸ”¥ğŸ”¥

Back on that king shit ğŸ‘‘ #PUBG https://t.co/kCHEtukwL6"
338,2020-10-24 18:53:45,145,0,"RT @theGaGOD: Sometimes you are just feeling it ğŸ”¥ğŸ”¥

Back on that king shit ğŸ‘‘ #PUBG https://t.co/kCHEtukwL6"
339,2020-10-24 18:53:44,1,0,"RT @mMowMow2: https://t.co/2gocgeQkM4
Overview of my loadout &amp; playstyle in #pop1 Learn how to start getting kills in this arcade style batâ€¦"
340,2020-10-24 18:53:36,1,1,"https://t.co/2gocgeQkM4
Overview of my loadout &amp; playstyle in #pop1 Learn how to start getting kills in this arcadeâ€¦ https://t.co/HTFhvCNnyR"
341,2020-10-24 18:52:52,145,0,"RT @theGaGOD: Sometimes you are just feeling it ğŸ”¥ğŸ”¥

Back on that king shit ğŸ‘‘ #PUBG https://t.co/kCHEtukwL6"
342,2020-10-24 18:52:23,1,4,https://t.co/n8AF7SJkbd will be on at 3pm est for my debut. #SupportSmallStreamers #twitch #twitchtv #pubg #smiteâ€¦ https://t.co/grWg9jeFUd
343,2020-10-24 18:52:17,0,3,"Realizing that there are better opportunities coming your way is all part of the game
#PUBG #Xbox #pubgclips https://t.co/fj8w4J2GWT"
344,2020-10-24 18:50:19,3,0,"RT @Feyd101: Couple of tournament replays up with @GamingMane on Youtube! Go and check em out!

#PUBG 

https://t.co/wxCHBSq9wQ

https://t.â€¦"
345,2020-10-24 18:50:07,2,0,"RT @KiMMOtherapy: first game back + I placed 2nd alone ğŸ¥²

#PUBG #PLAYERSUNKNOWNBATTLEGROUNDS
#WinnerWinnerChickenDinner #XboxOne #streamingâ€¦"
346,2020-10-24 18:48:31,30,0,RT @chocoTaco: headshot ğŸ”¥ #chocotaco #chocotacogames #chococlips #pubg #pubgclips #twitch https://t.co/juYBiiQArA
347,2020-10-24 18:48:30,145,0,"RT @theGaGOD: Sometimes you are just feeling it ğŸ”¥ğŸ”¥

Back on that king shit ğŸ‘‘ #PUBG https://t.co/kCHEtukwL6"
348,2020-10-24 18:46:45,145,0,"RT @theGaGOD: Sometimes you are just feeling it ğŸ”¥ğŸ”¥

Back on that king shit ğŸ‘‘ #PUBG https://t.co/kCHEtukwL6"
349,2020-10-24 18:45:50,145,0,"RT @theGaGOD: Sometimes you are just feeling it ğŸ”¥ğŸ”¥

Back on that king shit ğŸ‘‘ #PUBG https://t.co/kCHEtukwL6"
350,2020-10-24 18:44:32,51,0,RT @Danucd1: I love to kill Toxic players - c*ka bly*d ğŸ˜‚ It's so satisfying #pubg #toxic #russian https://t.co/xf6YYESFA2
351,2020-10-24 18:44:31,145,0,"RT @theGaGOD: Sometimes you are just feeling it ğŸ”¥ğŸ”¥

Back on that king shit ğŸ‘‘ #PUBG https://t.co/kCHEtukwL6"
352,2020-10-24 18:42:52,0,0,GAMEPAD JOYSTICK FOR PUBG JOYPAD TRIGGER FIRE BUTTON AIM L1 R1 KEY L1R1 SHOOTER CONTROLLER FOR PUBG MOBILE PHONE GAâ€¦ https://t.co/0KVrdWKQlu
353,2020-10-24 18:41:43,145,0,"RT @theGaGOD: Sometimes you are just feeling it ğŸ”¥ğŸ”¥

Back on that king shit ğŸ‘‘ #PUBG https://t.co/kCHEtukwL6"
354,2020-10-24 18:41:33,0,6,"ğŸ”´ LIVE

https://t.co/7w6betwq2G
https://t.co/7w6betwq2G
https://t.co/7w6betwq2G

#PUBG https://t.co/1XAPhUqhu0"
355,2020-10-24 18:39:46,145,0,"RT @theGaGOD: Sometimes you are just feeling it ğŸ”¥ğŸ”¥

Back on that king shit ğŸ‘‘ #PUBG https://t.co/kCHEtukwL6"
356,2020-10-24 18:39:17,51,0,RT @Danucd1: I love to kill Toxic players - c*ka bly*d ğŸ˜‚ It's so satisfying #pubg #toxic #russian https://t.co/xf6YYESFA2
357,2020-10-24 18:36:51,51,0,RT @Danucd1: I love to kill Toxic players - c*ka bly*d ğŸ˜‚ It's so satisfying #pubg #toxic #russian https://t.co/xf6YYESFA2
358,2020-10-24 18:36:17,14,0,"RT @Devineni_Hari: Back To #PUBG ğŸ¤ğŸ˜

ID : 5161600650

#DHK https://t.co/nuH68cN92y"
359,2020-10-24 18:36:05,51,0,RT @Danucd1: I love to kill Toxic players - c*ka bly*d ğŸ˜‚ It's so satisfying #pubg #toxic #russian https://t.co/xf6YYESFA2
360,2020-10-24 18:33:02,145,0,"RT @theGaGOD: Sometimes you are just feeling it ğŸ”¥ğŸ”¥

Back on that king shit ğŸ‘‘ #PUBG https://t.co/kCHEtukwL6"
361,2020-10-24 18:32:56,51,0,RT @Danucd1: I love to kill Toxic players - c*ka bly*d ğŸ˜‚ It's so satisfying #pubg #toxic #russian https://t.co/xf6YYESFA2
362,2020-10-24 18:32:14,3,0,"RT @PlayerIGN: #ProjectXTRM was listed on #PUBG's career page, early 2020. The team's in Seoul, Korea.

I've speculated 7 months ago that iâ€¦"
363,2020-10-24 18:31:15,0,1,"#PUBG #GoogleStadia #AndroidGameplay.
Some camper took out my teammate. I returned the favor by forcing him to comeâ€¦ https://t.co/FcrUYBBRCI"
364,2020-10-24 18:30:59,145,0,"RT @theGaGOD: Sometimes you are just feeling it ğŸ”¥ğŸ”¥

Back on that king shit ğŸ‘‘ #PUBG https://t.co/kCHEtukwL6"
365,2020-10-24 18:30:27,1,1,"MONKEY PLAYING PUBG! [PS4] PRO Live Stream, PlayerUnknown's Battlegrounds
https://t.co/jRzr3GY9b0
#pubg #gamingâ€¦ https://t.co/scEEj4ixYr"
366,2020-10-24 18:30:06,0,0,"PUBG MOBILE! Go here to check it out ==&gt; https://t.co/wFQ5y67t4i

#pubg #mobile"
367,2020-10-24 18:29:25,145,0,"RT @theGaGOD: Sometimes you are just feeling it ğŸ”¥ğŸ”¥

Back on that king shit ğŸ‘‘ #PUBG https://t.co/kCHEtukwL6"
368,2020-10-24 18:27:15,4,0,"RT @OdysseyLeague: According to @PrimaeSport, you do not need a weapon, not even a frying pan, to get kills in #PUBG.

https://t.co/OUQUTsZâ€¦"
369,2020-10-24 18:25:12,14,0,"RT @Devineni_Hari: Back To #PUBG ğŸ¤ğŸ˜

ID : 5161600650

#DHK https://t.co/nuH68cN92y"
370,2020-10-24 18:24:42,145,0,"RT @theGaGOD: Sometimes you are just feeling it ğŸ”¥ğŸ”¥

Back on that king shit ğŸ‘‘ #PUBG https://t.co/kCHEtukwL6"
371,2020-10-24 18:21:55,51,0,RT @Danucd1: I love to kill Toxic players - c*ka bly*d ğŸ˜‚ It's so satisfying #pubg #toxic #russian https://t.co/xf6YYESFA2
372,2020-10-24 18:20:41,2,8,"Head shotğŸ”¥ğŸ¥µ. 
#pubg https://t.co/mO1d7VUaB1"
373,2020-10-24 18:20:01,2,0,RT @BeautyFlyin: https://t.co/n8AF7SJkbd will be on at 3pm est for my debut. #SupportSmallStreamers #twitch #twitchtv #pubg #smite #Rainbowâ€¦
374,2020-10-24 18:19:17,2,3,https://t.co/n8AF7SJkbd will be on at 3pm est for my debut. #SupportSmallStreamers #twitch #twitchtv #pubg #smiteâ€¦ https://t.co/cbUO3uPimE
375,2020-10-24 18:17:06,145,0,"RT @theGaGOD: Sometimes you are just feeling it ğŸ”¥ğŸ”¥

Back on that king shit ğŸ‘‘ #PUBG https://t.co/kCHEtukwL6"
376,2020-10-24 18:16:30,145,0,"RT @theGaGOD: Sometimes you are just feeling it ğŸ”¥ğŸ”¥

Back on that king shit ğŸ‘‘ #PUBG https://t.co/kCHEtukwL6"
377,2020-10-24 18:16:17,51,0,RT @Danucd1: I love to kill Toxic players - c*ka bly*d ğŸ˜‚ It's so satisfying #pubg #toxic #russian https://t.co/xf6YYESFA2
378,2020-10-24 18:15:46,51,0,RT @Danucd1: I love to kill Toxic players - c*ka bly*d ğŸ˜‚ It's so satisfying #pubg #toxic #russian https://t.co/xf6YYESFA2
379,2020-10-24 18:15:06,0,3,"Pornâ€¦
.
.
#games #gaming #gamer #game #ps #videogames #playstation #xbox #gamers #memes #fortnite #pc #nintendoâ€¦ https://t.co/27RDRhCxnv"
380,2020-10-24 18:14:05,1,0,"RT @SKATEric_: Come for the @pubg_us plays but stay for the Weekend Vibesss   #PUBG #PUBGPartners

 *Going Live @Twitch Alert!*  
  https:/â€¦"
381,2020-10-24 18:14:00,3,0,"RT @8Shinobi: Hey guys love gaming and don't want to go out. We bring gaming to your house. â 
â 
Check out https://t.co/TwZqwuPQeZâ 
â 
â 
â 
â â€¦"
382,2020-10-24 18:11:54,1,0,RT @LVPumpkins: Cars Motorcycle Buggy Emnemy| PUBG Lite https://t.co/0pqpm3nXMq #youtube #youtuber #pubg #pubglite #funny #gameplay #game #â€¦
383,2020-10-24 18:11:19,3,0,"RT @8Shinobi: Hey guys love gaming and don't want to go out. We bring gaming to your house. â 
â 
Check out https://t.co/TwZqwuPQeZâ 
â 
â 
â 
â â€¦"
384,2020-10-24 18:09:58,145,0,"RT @theGaGOD: Sometimes you are just feeling it ğŸ”¥ğŸ”¥

Back on that king shit ğŸ‘‘ #PUBG https://t.co/kCHEtukwL6"
385,2020-10-24 18:08:18,1,1,Cars Motorcycle Buggy Emnemy| PUBG Lite https://t.co/0pqpm3nXMq #youtube #youtuber #pubg #pubglite #funny #gameplayâ€¦ https://t.co/wdBEHzc0ge
386,2020-10-24 18:07:29,0,0,"Neve...
@PUBG_BR 
#PUBG https://t.co/FVWdRXXQc7"
387,2020-10-24 18:07:23,0,2,Go like this we need to beat kpop #like #please #help #fortnite #bts #pokemongo #pokemongoraid #roblox #pubg #codâ€¦ https://t.co/12CldmiRUK
388,2020-10-24 18:06:51,30,0,RT @chocoTaco: headshot ğŸ”¥ #chocotaco #chocotacogames #chococlips #pubg #pubgclips #twitch https://t.co/juYBiiQArA
389,2020-10-24 18:03:14,35,0,"RT @geekfreakspod: ğŸš¨New Episode!ğŸš¨

#StaticShock Production
#StarTrekDiscovery Season 4
#MadMax Spinoff
#PUBG's New Map
#Shadowlands PrePatcâ€¦"
390,2020-10-24 18:03:13,145,0,"RT @theGaGOD: Sometimes you are just feeling it ğŸ”¥ğŸ”¥

Back on that king shit ğŸ‘‘ #PUBG https://t.co/kCHEtukwL6"
391,2020-10-24 18:03:12,0,1,Gearing up... prepping the spices for a feast ğŸ—ğŸ—ğŸ— #pubg #twitch #youtube #SaturdayVibes https://t.co/B35jxPN93Y
392,2020-10-24 18:03:12,0,0,"This is why you carry smokes!
#PUBG #Pubgxbox #Pubgconsole #PlayerUnknownsBattlegrounds https://t.co/ZGomgdPRLJ"
393,2020-10-24 18:02:49,30,0,RT @chocoTaco: headshot ğŸ”¥ #chocotaco #chocotacogames #chococlips #pubg #pubgclips #twitch https://t.co/juYBiiQArA
394,2020-10-24 18:02:39,145,0,"RT @theGaGOD: Sometimes you are just feeling it ğŸ”¥ğŸ”¥

Back on that king shit ğŸ‘‘ #PUBG https://t.co/kCHEtukwL6"
395,2020-10-24 18:02:15,30,0,RT @chocoTaco: headshot ğŸ”¥ #chocotaco #chocotacogames #chococlips #pubg #pubgclips #twitch https://t.co/juYBiiQArA
396,2020-10-24 18:01:58,0,3,So Iâ€™ve got an opinion on #PUBG if you have over a certain ping you should get kicked from the game because I am siâ€¦ https://t.co/dPv3IkpDmy
397,2020-10-24 18:01:34,145,0,"RT @theGaGOD: Sometimes you are just feeling it ğŸ”¥ğŸ”¥

Back on that king shit ğŸ‘‘ #PUBG https://t.co/kCHEtukwL6"
398,2020-10-24 18:00:43,0,3,All the tech we review goes to our fans!!! New show starts soon! Don't miss out!!! Just stay tuned and fallow...â€¦ https://t.co/LPMewrhni7
399,2020-10-24 18:00:01,0,2,I AM BAD AT THIS GAME. https://t.co/ZfXLFamsOl #twitch #twitchstreamer #smallstreamer #supportsmallstreamers #streamerhype #pubg
400,2020-10-24 18:00:01,1,8,"ğŸš¨NEW PUBG RANKED VIDEOğŸš¨

18 Kill 1-man game! The homie died early so we had to clutch up! 
#PUBG
@PUBG_EU
 
https://t.co/bgAOA8zyNp"
401,2020-10-24 17:59:47,3,0,"RT @INC465: Live for some pubg with GunnarZA
https://t.co/MkeutFJiL0
#SMALLSTREAMER
#SupportSmallStreamers
#smallstreamersconnect
#SmallStrâ€¦"
402,2020-10-24 17:59:44,1,2,"another progress 
ï¿¼
ï¿¼
ï¿¼

#esportslogo #streamer #twitchstreamer #twitch #fortnite #callofduty #apexlegends #gamingâ€¦ https://t.co/zQ55EadBjr"
403,2020-10-24 17:59:39,30,0,RT @chocoTaco: headshot ğŸ”¥ #chocotaco #chocotacogames #chococlips #pubg #pubgclips #twitch https://t.co/juYBiiQArA
404,2020-10-24 17:57:45,51,0,RT @Danucd1: I love to kill Toxic players - c*ka bly*d ğŸ˜‚ It's so satisfying #pubg #toxic #russian https://t.co/xf6YYESFA2
405,2020-10-24 17:56:48,30,0,RT @chocoTaco: headshot ğŸ”¥ #chocotaco #chocotacogames #chococlips #pubg #pubgclips #twitch https://t.co/juYBiiQArA
406,2020-10-24 17:56:02,0,1,@PUBGMOBILE why not imitate you ? #pubg https://t.co/Y7EGifb19e
407,2020-10-24 17:55:06,0,3,Snipe skills were on point this morning...#pubg #Xbox #XboxShare #Sniper #SmallStreamersConnectRTâ€¦ https://t.co/EJDRFwN598
408,2020-10-24 17:53:59,30,0,RT @chocoTaco: headshot ğŸ”¥ #chocotaco #chocotacogames #chococlips #pubg #pubgclips #twitch https://t.co/juYBiiQArA
409,2020-10-24 17:53:31,0,0,Donâ€™t ride your bike through a fucking squad bro...#Xbox #XboxShare #pubg #SmallStreamerCommunityâ€¦ https://t.co/rBQDwnEFhz
410,2020-10-24 17:52:13,145,0,"RT @theGaGOD: Sometimes you are just feeling it ğŸ”¥ğŸ”¥

Back on that king shit ğŸ‘‘ #PUBG https://t.co/kCHEtukwL6"
411,2020-10-24 17:52:08,30,0,RT @chocoTaco: headshot ğŸ”¥ #chocotaco #chocotacogames #chococlips #pubg #pubgclips #twitch https://t.co/juYBiiQArA
412,2020-10-24 17:51:22,51,0,RT @Danucd1: I love to kill Toxic players - c*ka bly*d ğŸ˜‚ It's so satisfying #pubg #toxic #russian https://t.co/xf6YYESFA2
413,2020-10-24 17:50:52,30,0,RT @chocoTaco: headshot ğŸ”¥ #chocotaco #chocotacogames #chococlips #pubg #pubgclips #twitch https://t.co/juYBiiQArA
414,2020-10-24 17:50:43,51,0,RT @Danucd1: I love to kill Toxic players - c*ka bly*d ğŸ˜‚ It's so satisfying #pubg #toxic #russian https://t.co/xf6YYESFA2
415,2020-10-24 17:50:34,145,0,"RT @theGaGOD: Sometimes you are just feeling it ğŸ”¥ğŸ”¥

Back on that king shit ğŸ‘‘ #PUBG https://t.co/kCHEtukwL6"
416,2020-10-24 17:50:24,3,0,"RT @8Shinobi: Hey guys love gaming and don't want to go out. We bring gaming to your house. â 
â 
Check out https://t.co/TwZqwuPQeZâ 
â 
â 
â 
â â€¦"
417,2020-10-24 17:49:40,0,1,"SLAY WILL BE LIVE!!! For hours playing PUBG.Come say HI in the CHAT for shout outs! 
Show YOUR support by followingâ€¦ https://t.co/rUdLexWtZt"
418,2020-10-24 17:48:59,51,0,RT @Danucd1: I love to kill Toxic players - c*ka bly*d ğŸ˜‚ It's so satisfying #pubg #toxic #russian https://t.co/xf6YYESFA2
419,2020-10-24 17:48:49,30,0,RT @chocoTaco: headshot ğŸ”¥ #chocotaco #chocotacogames #chococlips #pubg #pubgclips #twitch https://t.co/juYBiiQArA
420,2020-10-24 17:48:40,30,0,RT @chocoTaco: headshot ğŸ”¥ #chocotaco #chocotacogames #chococlips #pubg #pubgclips #twitch https://t.co/juYBiiQArA
421,2020-10-24 17:46:42,51,0,RT @Danucd1: I love to kill Toxic players - c*ka bly*d ğŸ˜‚ It's so satisfying #pubg #toxic #russian https://t.co/xf6YYESFA2
422,2020-10-24 17:46:25,51,0,RT @Danucd1: I love to kill Toxic players - c*ka bly*d ğŸ˜‚ It's so satisfying #pubg #toxic #russian https://t.co/xf6YYESFA2
423,2020-10-24 17:45:27,0,9,"ğŸš¨ğŸ¹Crossbows with Friends 47ğŸ¹ğŸš¨

https://t.co/4tII6ac879

Featuring amazing shots from

@bosslady_glam 
@OGSnoflake72â€¦ https://t.co/225NoOEUl1"
424,2020-10-24 17:45:07,51,611,I love to kill Toxic players - c*ka bly*d ğŸ˜‚ It's so satisfying #pubg #toxic #russian https://t.co/xf6YYESFA2
425,2020-10-24 17:42:02,0,4,Just went live! Come hang out and maybe play together! https://t.co/YqbPDN1Emg #PUBG #Twitchstreamer #twitchâ€¦ https://t.co/mSotNu4Q4k
426,2020-10-24 17:41:58,30,0,RT @chocoTaco: headshot ğŸ”¥ #chocotaco #chocotacogames #chococlips #pubg #pubgclips #twitch https://t.co/juYBiiQArA
427,2020-10-24 17:41:57,0,2,"#ZOMBIE #ROYALE,won like this! #callofduty #warzone
https://t.co/WXYuN3kDCx
#cod #CallOfDutywarzoneâ€¦ https://t.co/470FjRzTWL"
428,2020-10-24 17:40:49,3,0,"RT @PlayerIGN: #ProjectXTRM was listed on #PUBG's career page, early 2020. The team's in Seoul, Korea.

I've speculated 7 months ago that iâ€¦"
429,2020-10-24 17:36:37,30,0,RT @chocoTaco: headshot ğŸ”¥ #chocotaco #chocotacogames #chococlips #pubg #pubgclips #twitch https://t.co/juYBiiQArA
430,2020-10-24 17:36:32,145,0,"RT @theGaGOD: Sometimes you are just feeling it ğŸ”¥ğŸ”¥

Back on that king shit ğŸ‘‘ #PUBG https://t.co/kCHEtukwL6"
431,2020-10-24 17:36:18,30,416,headshot ğŸ”¥ #chocotaco #chocotacogames #chococlips #pubg #pubgclips #twitch https://t.co/juYBiiQArA
432,2020-10-24 17:36:12,145,0,"RT @theGaGOD: Sometimes you are just feeling it ğŸ”¥ğŸ”¥

Back on that king shit ğŸ‘‘ #PUBG https://t.co/kCHEtukwL6"
433,2020-10-24 17:35:39,3,6,"Hey guys love gaming and don't want to go out. We bring gaming to your house. â 
â 
Check out https://t.co/TwZqwuPQeZâ€¦ https://t.co/EmINlt7S26"
434,2020-10-24 17:35:19,0,4,"live !

#PUBG 

https://t.co/MKjxrTJ7kR"
435,2020-10-24 17:32:17,3,0,"RT @INC465: Live for some pubg with GunnarZA
https://t.co/MkeutFJiL0
#SMALLSTREAMER
#SupportSmallStreamers
#smallstreamersconnect
#SmallStrâ€¦"
436,2020-10-24 17:30:33,3,5,"Live for some pubg with GunnarZA
https://t.co/MkeutFJiL0
#SMALLSTREAMER
#SupportSmallStreamersâ€¦ https://t.co/n677VWF4AS"
437,2020-10-24 17:29:22,0,1,"I have a #PubG room card for seven days. Anyone In..? Join the Group in Line.
#SaturdayThoughts #SaturdayVibesâ€¦ https://t.co/l75P7MAAq3"
438,2020-10-24 17:28:52,0,1,Live with the new map on PUBG then more among us! #twitch #youtube #amongus #pubg https://t.co/UFYvCzKGys
439,2020-10-24 17:27:51,145,0,"RT @theGaGOD: Sometimes you are just feeling it ğŸ”¥ğŸ”¥

Back on that king shit ğŸ‘‘ #PUBG https://t.co/kCHEtukwL6"
440,2020-10-24 17:26:39,1,0,RT @LVPumpkins: Don't try escape from me on vehicle | PUBG Lite https://t.co/EyF1VKwKXC #youtube #youtuber #pubg #pubglite #funny #gameplayâ€¦
441,2020-10-24 17:20:09,1,0,"RT @223montana: How did i hit that pump shot lol 
#fortnite #fortniteclips #gaming #memes #ps #fortnitememes #fortnitecommunity #fortnitebaâ€¦"
442,2020-10-24 17:19:20,0,2,"RAINBOW SIX SIEGE FAILS: #111 (Rainbow Six Siege Random Moments)
via Red Arcade
https://t.co/KXCzyhPyVT

#fortniteâ€¦ https://t.co/GnL3VsVFeQ"
443,2020-10-24 17:16:59,69,0,RT @Danucd1: Les goooo. That was gooood game  #pubg #gamer https://t.co/qf78jZaiNM
444,2020-10-24 17:16:40,71,0,RT @chocoTaco: impeccable aim in every aspect of the game ğŸ”¥ğŸ”¥ğŸ”¥ #chocotaco #chocotacogames #chococlips #pubg #pubgclips #twitch https://t.co/â€¦
445,2020-10-24 17:14:00,0,3,Check out STONE FACED KILLA from 1PHATZ on https://t.co/zOAFNrbDWs https://t.co/6P5LrFamFP #callofduty #cod #psâ€¦ https://t.co/hF2QlDnzpk
446,2020-10-24 17:12:34,0,0,"LOL normal PUBG is actually going backwards, they removed the duos on TPP mode, its not a glitch, gg devs ğŸ‘ #PUBG"
